stateFP,stateName,state1970,state1980,state1990,state2000,state2010,countyFP,countyName,county1970,county1980,county1990,county2000,county2010,placeFP,placeName,place1970,place1980,place1990,place2000,place2010,placeID,countyID
1,Alabama,3444165,3893888,4040587,4447100,4779736,1,Autauga County,24460,32259,34222,43671,54571,3220,Autaugaville Town,0,843,681,820,870,1-3220,1-1
1,Alabama,3444165,3893888,4040587,4447100,4779736,1,Autauga County,24460,32259,34222,43671,54571,6460,Billingsley Town,0,106,150,116,144,1-6460,1-1
1,Alabama,3444165,3893888,4040587,4447100,4779736,1,Autauga County,24460,32259,34222,43671,54571,46600,Marbury CDP,0,0,0,0,1418,1-46600,1-1
1,Alabama,3444165,3893888,4040587,4447100,4779736,1,Autauga County,24460,32259,34222,43671,54571,48712,Millbrook City,0,3101,6050,10386,14640,1-48712,1-1
1,Alabama,3444165,3893888,4040587,4447100,4779736,1,Autauga County,24460,32259,34222,43671,54571,60264,Pine Level CDP,0,0,0,0,4183,1-60264,1-1
1,Alabama,3444165,3893888,4040587,4447100,4779736,1,Autauga County,24460,32259,34222,43671,54571,62328,Prattville City,13116,18647,19587,24303,33960,1-62328,1-1
1,Alabama,3444165,3893888,4040587,4447100,4779736,3,Baldwin County,59382,78556,98280,140415,182265,4660,Bay Minette City,6727,7455,7168,7820,8044,1-4660,1-3
1,Alabama,3444165,3893888,4040587,4447100,4779736,3,Baldwin County,59382,78556,98280,140415,182265,19648,Daphne City,0,3406,11290,16581,21570,1-19648,1-3
1,Alabama,3444165,3893888,4040587,4447100,4779736,3,Baldwin County,59382,78556,98280,140415,182265,23320,Elberta Town,0,491,458,552,1498,1-23320,1-3
1,Alabama,3444165,3893888,4040587,4447100,4779736,3,Baldwin County,59382,78556,98280,140415,182265,25240,Fairhope City,5720,7286,8485,12480,15326,1-25240,1-3
1,Alabama,3444165,3893888,4040587,4447100,4779736,3,Baldwin County,59382,78556,98280,140415,182265,26992,Foley City,3368,4003,4937,7590,14618,1-26992,1-3
1,Alabama,3444165,3893888,4040587,4447100,4779736,3,Baldwin County,59382,78556,98280,140415,182265,32272,Gulf Shores City,0,1349,3261,5044,9741,1-32272,1-3
1,Alabama,3444165,3893888,4040587,4447100,4779736,3,Baldwin County,59382,78556,98280,140415,182265,44608,Loxley Town,0,804,1161,1348,1632,1-44608,1-3
1,Alabama,3444165,3893888,4040587,4447100,4779736,3,Baldwin County,59382,78556,98280,140415,182265,46072,Magnolia Springs Town,0,0,0,0,723,1-46072,1-3
1,Alabama,3444165,3893888,4040587,4447100,4779736,3,Baldwin County,59382,78556,98280,140415,182265,57144,Orange Beach City,0,0,2253,3784,5441,1-57144,1-3
1,Alabama,3444165,3893888,4040587,4447100,4779736,3,Baldwin County,59382,78556,98280,140415,182265,59088,Perdido Beach Town,0,0,0,0,581,1-59088,1-3
1,Alabama,3444165,3893888,4040587,4447100,4779736,3,Baldwin County,59382,78556,98280,140415,182265,61488,Point Clear CDP,0,1812,2125,1876,2125,1-61488,1-3
1,Alabama,3444165,3893888,4040587,4447100,4779736,3,Baldwin County,59382,78556,98280,140415,182265,65208,Robertsdale City,0,2306,2401,3782,5276,1-65208,1-3
1,Alabama,3444165,3893888,4040587,4447100,4779736,3,Baldwin County,59382,78556,98280,140415,182265,70536,Silverhill Town,0,624,556,616,706,1-70536,1-3
1,Alabama,3444165,3893888,4040587,4447100,4779736,3,Baldwin County,59382,78556,98280,140415,182265,71976,Spanish Fort City,0,3415,3732,5423,6798,1-71976,1-3
1,Alabama,3444165,3893888,4040587,4447100,4779736,3,Baldwin County,59382,78556,98280,140415,182265,73872,Summerdale Town,0,546,559,655,862,1-73872,1-3
1,Alabama,3444165,3893888,4040587,4447100,4779736,5,Barbour County,22543,24756,25417,29038,27457,3724,Bakerhill Town,0,0,0,0,279,1-3724,1-5
1,Alabama,3444165,3893888,4040587,4447100,4779736,5,Barbour County,22543,24756,25417,29038,27457,7672,Blue Springs Town,0,112,108,121,96,1-7672,1-5
1,Alabama,3444165,3893888,4040587,4447100,4779736,5,Barbour County,22543,24756,25417,29038,27457,15376,Clayton Town,0,1589,1564,1475,3008,1-15376,1-5
1,Alabama,3444165,3893888,4040587,4447100,4779736,5,Barbour County,22543,24756,25417,29038,27457,15640,Clio City,0,1224,1365,2206,1399,1-15640,1-5
1,Alabama,3444165,3893888,4040587,4447100,4779736,5,Barbour County,22543,24756,25417,29038,27457,24568,Eufaula City,9102,12097,13220,13908,13137,1-24568,1-5
1,Alabama,3444165,3893888,4040587,4447100,4779736,5,Barbour County,22543,24756,25417,29038,27457,44344,Louisville Town,0,791,728,612,519,1-44344,1-5
1,Alabama,3444165,3893888,4040587,4447100,4779736,7,Bibb County,13812,15723,16576,20826,22915,9136,Brent City,0,2862,2776,4024,4947,1-9136,1-7
1,Alabama,3444165,3893888,4040587,4447100,4779736,7,Bibb County,13812,15723,16576,20826,22915,13672,Centreville City,0,2504,2508,2466,2778,1-13672,1-7
1,Alabama,3444165,3893888,4040587,4447100,4779736,7,Bibb County,13812,15723,16576,20826,22915,78264,Vance Town,0,254,248,500,1529,1-78264,1-7
1,Alabama,3444165,3893888,4040587,4447100,4779736,7,Bibb County,13812,15723,16576,20826,22915,80928,West Blocton Town,0,1147,1468,1372,1240,1-80928,1-7
1,Alabama,3444165,3893888,4040587,4447100,4779736,7,Bibb County,13812,15723,16576,20826,22915,83640,Woodstock Town,0,0,3689,4540,1428,1-83640,1-7
1,Alabama,3444165,3893888,4040587,4447100,4779736,9,Blount County,26853,36459,39248,51024,57322,1396,Allgood Town,0,387,464,629,622,1-1396,1-9
1,Alabama,3444165,3893888,4040587,4447100,4779736,9,Blount County,26853,36459,39248,51024,57322,1660,Altoona Town,0,928,960,984,933,1-1660,1-9
1,Alabama,3444165,3893888,4040587,4447100,4779736,9,Blount County,26853,36459,39248,51024,57322,7456,Blountsville Town,0,1509,1527,1768,1684,1-7456,1-9
1,Alabama,3444165,3893888,4040587,4447100,4779736,9,Blount County,26853,36459,39248,51024,57322,15472,Cleveland Town,0,487,739,1241,1303,1-15472,1-9
1,Alabama,3444165,3893888,4040587,4447100,4779736,9,Blount County,26853,36459,39248,51024,57322,17968,County Line Town,0,199,189,257,258,1-17968,1-9
1,Alabama,3444165,3893888,4040587,4447100,4779736,9,Blount County,26853,36459,39248,51024,57322,29032,Garden City Town,0,655,578,564,492,1-29032,1-9
1,Alabama,3444165,3893888,4040587,4447100,4779736,9,Blount County,26853,36459,39248,51024,57322,33640,Hayden Town,0,268,385,470,444,1-33640,1-9
1,Alabama,3444165,3893888,4040587,4447100,4779736,9,Blount County,26853,36459,39248,51024,57322,34480,Highland Lake Town,0,210,304,408,412,1-34480,1-9
1,Alabama,3444165,3893888,4040587,4447100,4779736,9,Blount County,26853,36459,39248,51024,57322,43888,Locust Fork Town,0,488,342,1016,1186,1-43888,1-9
1,Alabama,3444165,3893888,4040587,4447100,4779736,9,Blount County,26853,36459,39248,51024,57322,53448,Nectar Town,0,367,238,372,345,1-53448,1-9
1,Alabama,3444165,3893888,4040587,4447100,4779736,9,Blount County,26853,36459,39248,51024,57322,57000,Oneonta City,4390,4824,4844,5576,6567,1-57000,1-9
1,Alabama,3444165,3893888,4040587,4447100,4779736,9,Blount County,26853,36459,39248,51024,57322,66408,Rosa Town,0,204,139,313,316,1-66408,1-9
1,Alabama,3444165,3893888,4040587,4447100,4779736,9,Blount County,26853,36459,39248,51024,57322,71201,Smoke Rise CDP,0,0,1367,1750,1825,1-71201,1-9
1,Alabama,3444165,3893888,4040587,4447100,4779736,9,Blount County,26853,36459,39248,51024,57322,71280,Snead Town,0,667,632,748,835,1-71280,1-9
1,Alabama,3444165,3893888,4040587,4447100,4779736,9,Blount County,26853,36459,39248,51024,57322,74160,Susan Moore Town,0,0,658,721,763,1-74160,1-9
1,Alabama,3444165,3893888,4040587,4447100,4779736,9,Blount County,26853,36459,39248,51024,57322,76680,Trafford Town,0,673,739,523,646,1-76680,1-9
1,Alabama,3444165,3893888,4040587,4447100,4779736,11,Bullock County,11824,10596,11042,11714,10914,26152,Fitzpatrick CDP,0,0,0,0,83,1-26152,1-11
1,Alabama,3444165,3893888,4040587,4447100,4779736,11,Bullock County,11824,10596,11042,11714,10914,48424,Midway Town,0,593,455,457,499,1-48424,1-11
1,Alabama,3444165,3893888,4040587,4447100,4779736,11,Bullock County,11824,10596,11042,11714,10914,77880,Union Springs City,4324,4431,3975,3670,3980,1-77880,1-11
1,Alabama,3444165,3893888,4040587,4447100,4779736,13,Butler County,22007,21680,21892,21399,20947,29560,Georgiana Town,0,1993,1933,1737,1738,1-29560,1-13
1,Alabama,3444165,3893888,4040587,4447100,4779736,13,Butler County,22007,21680,21892,21399,20947,31912,Greenville City,8033,7807,7492,7228,8135,1-31912,1-13
1,Alabama,3444165,3893888,4040587,4447100,4779736,13,Butler County,22007,21680,21892,21399,20947,45496,Mckenzie Town,0,605,464,644,530,1-45496,1-13
1,Alabama,3444165,3893888,4040587,4447100,4779736,15,Calhoun County,103092,119761,116034,112249,118572,1180,Alexandria CDP,0,0,0,3692,3917,1-1180,1-15
1,Alabama,3444165,3893888,4040587,4447100,4779736,15,Calhoun County,103092,119761,116034,112249,118572,1852,Anniston City,31533,29523,26623,24276,23106,1-1852,1-15
1,Alabama,3444165,3893888,4040587,4447100,4779736,15,Calhoun County,103092,119761,116034,112249,118572,14728,Choccolocco CDP,0,0,0,0,2804,1-14728,1-15
1,Alabama,3444165,3893888,4040587,4447100,4779736,15,Calhoun County,103092,119761,116034,112249,118572,29992,Glencoe City,2901,4648,4670,5152,5160,1-29992,1-15
1,Alabama,3444165,3893888,4040587,4447100,4779736,15,Calhoun County,103092,119761,116034,112249,118572,35152,Hobson City Town,0,1268,794,878,771,1-35152,1-15
1,Alabama,3444165,3893888,4040587,4447100,4779736,15,Calhoun County,103092,119761,116034,112249,118572,38272,Jacksonville City,7715,9735,10283,8404,12548,1-38272,1-15
1,Alabama,3444165,3893888,4040587,4447100,4779736,15,Calhoun County,103092,119761,116034,112249,118572,53232,Nances Creek CDP,0,0,0,0,407,1-53232,1-15
1,Alabama,3444165,3893888,4040587,4447100,4779736,15,Calhoun County,103092,119761,116034,112249,118572,56472,Ohatchee Town,0,860,1042,1215,1170,1-56472,1-15
1,Alabama,3444165,3893888,4040587,4447100,4779736,15,Calhoun County,103092,119761,116034,112249,118572,57576,Oxford City,4361,8939,9362,14592,21348,1-57576,1-15
1,Alabama,3444165,3893888,4040587,4447100,4779736,15,Calhoun County,103092,119761,116034,112249,118572,59640,Piedmont City,5063,5544,5288,5120,4878,1-59640,1-15
1,Alabama,3444165,3893888,4040587,4447100,4779736,15,Calhoun County,103092,119761,116034,112249,118572,67608,Saks CDP,0,11118,11138,10698,10744,1-67608,1-15
1,Alabama,3444165,3893888,4040587,4447100,4779736,15,Calhoun County,103092,119761,116034,112249,118572,71832,Southside City,0,4848,5580,7036,8412,1-71832,1-15
1,Alabama,3444165,3893888,4040587,4447100,4779736,15,Calhoun County,103092,119761,116034,112249,118572,80352,Weaver City,0,2765,2715,2619,3038,1-80352,1-15
1,Alabama,3444165,3893888,4040587,4447100,4779736,15,Calhoun County,103092,119761,116034,112249,118572,81084,West End-cobb Town CDP,0,5189,4034,3924,3465,1-81084,1-15
1,Alabama,3444165,3893888,4040587,4447100,4779736,15,Calhoun County,103092,119761,116034,112249,118572,82104,White Plains CDP,0,0,0,0,811,1-82104,1-15
1,Alabama,3444165,3893888,4040587,4447100,4779736,17,Chambers County,36356,39191,36876,36583,34215,100,Abanda CDP,0,0,0,0,192,1-100,1-17
1,Alabama,3444165,3893888,4040587,4447100,4779736,17,Chambers County,36356,39191,36876,36583,34215,19216,Cusseta Town,0,0,0,0,123,1-19216,1-17
1,Alabama,3444165,3893888,4040587,4447100,4779736,17,Chambers County,36356,39191,36876,36583,34215,26200,Five Points Town,0,197,200,146,141,1-26200,1-17
1,Alabama,3444165,3893888,4040587,4447100,4779736,17,Chambers County,36356,39191,36876,36583,34215,28120,Fredonia CDP,0,0,0,0,199,1-28120,1-17
1,Alabama,3444165,3893888,4040587,4447100,4779736,17,Chambers County,36356,39191,36876,36583,34215,36592,Huguley CDP,0,2947,3161,2953,2540,1-36592,1-17
1,Alabama,3444165,3893888,4040587,4447100,4779736,17,Chambers County,36356,39191,36876,36583,34215,40672,La Fayette City,0,0,3151,3234,3003,1-40672,1-17
1,Alabama,3444165,3893888,4040587,4447100,4779736,17,Chambers County,36356,39191,36876,36583,34215,41296,Lanett City,6908,6897,8985,7897,6468,1-41296,1-17
1,Alabama,3444165,3893888,4040587,4447100,4779736,17,Chambers County,36356,39191,36876,36583,34215,59016,Penton CDP,0,0,0,0,201,1-59016,1-17
1,Alabama,3444165,3893888,4040587,4447100,4779736,17,Chambers County,36356,39191,36876,36583,34215,72720,Standing Rock CDP,0,0,0,0,168,1-72720,1-17
1,Alabama,3444165,3893888,4040587,4447100,4779736,17,Chambers County,36356,39191,36876,36583,34215,78204,Valley City,0,0,8173,9198,9524,1-78204,1-17
1,Alabama,3444165,3893888,4040587,4447100,4779736,17,Chambers County,36356,39191,36876,36583,34215,80256,Waverly Town,0,228,152,184,145,1-80256,1-17
1,Alabama,3444165,3893888,4040587,4447100,4779736,19,Cherokee County,15606,18760,19543,23988,25989,9880,Broomtown CDP,0,0,0,0,182,1-9880,1-19
1,Alabama,3444165,3893888,4040587,4447100,4779736,19,Cherokee County,15606,18760,19543,23988,25989,12760,Cedar Bluff Town,0,1129,1174,1467,1820,1-12760,1-19
1,Alabama,3444165,3893888,4040587,4447100,4779736,19,Cherokee County,15606,18760,19543,23988,25989,13648,Centre City,0,2351,2893,3216,3489,1-13648,1-19
1,Alabama,3444165,3893888,4040587,4447100,4779736,19,Cherokee County,15606,18760,19543,23988,25989,16600,Collinsville Town,0,1383,1429,1644,1983,1-16600,1-19
1,Alabama,3444165,3893888,4040587,4447100,4779736,19,Cherokee County,15606,18760,19543,23988,25989,29296,Gaylesville Town,0,192,149,140,144,1-29296,1-19
1,Alabama,3444165,3893888,4040587,4447100,4779736,19,Cherokee County,15606,18760,19543,23988,25989,42016,Leesburg Town,0,116,218,799,1027,1-42016,1-19
1,Alabama,3444165,3893888,4040587,4447100,4779736,19,Cherokee County,15606,18760,19543,23988,25989,67920,Sand Rock Town,0,0,438,509,560,1-67920,1-19
1,Alabama,3444165,3893888,4040587,4447100,4779736,19,Cherokee County,15606,18760,19543,23988,25989,72408,Spring Garden CDP,0,0,0,0,238,1-72408,1-19
1,Alabama,3444165,3893888,4040587,4447100,4779736,21,Chilton County,25180,30612,32458,39593,43643,11416,Calera City,0,2035,2136,3158,11620,1-11416,1-21
1,Alabama,3444165,3893888,4040587,4447100,4779736,21,Chilton County,25180,30612,32458,39593,43643,15136,Clanton City,5868,5832,7669,7800,8619,1-15136,1-21
1,Alabama,3444165,3893888,4040587,4447100,4779736,21,Chilton County,25180,30612,32458,39593,43643,38608,Jemison City,0,1828,1898,2248,2585,1-38608,1-21
1,Alabama,3444165,3893888,4040587,4447100,4779736,21,Chilton County,25180,30612,32458,39593,43643,46504,Maplesville Town,0,754,725,672,708,1-46504,1-21
1,Alabama,3444165,3893888,4040587,4447100,4779736,21,Chilton County,25180,30612,32458,39593,43643,76080,Thorsby Town,0,1422,1465,1820,1980,1-76080,1-21
1,Alabama,3444165,3893888,4040587,4447100,4779736,23,Choctaw County,16589,16839,16018,15922,13859,11032,Butler Town,0,1882,1872,1952,1894,1-11032,1-23
1,Alabama,3444165,3893888,4040587,4447100,4779736,23,Choctaw County,16589,16839,16018,15922,13859,19024,Cullomburg CDP,0,0,189,257,171,1-19024,1-23
1,Alabama,3444165,3893888,4040587,4447100,4779736,23,Choctaw County,16589,16839,16018,15922,13859,29704,Gilbertown Town,0,218,235,187,215,1-29704,1-23
1,Alabama,3444165,3893888,4040587,4447100,4779736,23,Choctaw County,16589,16839,16018,15922,13859,43384,Lisman Town,0,638,481,653,539,1-43384,1-23
1,Alabama,3444165,3893888,4040587,4447100,4779736,23,Choctaw County,16589,16839,16018,15922,13859,53472,Needham Town,0,0,99,97,94,1-53472,1-23
1,Alabama,3444165,3893888,4040587,4447100,4779736,23,Choctaw County,16589,16839,16018,15922,13859,58968,Pennington Town,0,355,302,353,221,1-58968,1-23
1,Alabama,3444165,3893888,4040587,4447100,4779736,23,Choctaw County,16589,16839,16018,15922,13859,70416,Silas Town,0,343,245,529,452,1-70416,1-23
1,Alabama,3444165,3893888,4040587,4447100,4779736,23,Choctaw County,16589,16839,16018,15922,13859,76632,Toxey Town,0,265,211,152,137,1-76632,1-23
1,Alabama,3444165,3893888,4040587,4447100,4779736,25,Clarke County,26724,27702,27240,27867,25833,12112,Carlton CDP,0,0,0,0,65,1-12112,1-25
1,Alabama,3444165,3893888,4040587,4447100,4779736,25,Clarke County,26724,27702,27240,27867,25833,16264,Coffeeville Town,0,448,431,360,352,1-16264,1-25
1,Alabama,3444165,3893888,4040587,4447100,4779736,25,Clarke County,26724,27702,27240,27867,25833,28504,Fulton Town,0,606,384,308,272,1-28504,1-25
1,Alabama,3444165,3893888,4040587,4447100,4779736,25,Clarke County,26724,27702,27240,27867,25833,32080,Grove Hill Town,0,1912,1551,1438,1570,1-32080,1-25
1,Alabama,3444165,3893888,4040587,4447100,4779736,25,Clarke County,26724,27702,27240,27867,25833,38152,Jackson City,5957,6073,5819,5419,5228,1-38152,1-25
1,Alabama,3444165,3893888,4040587,4447100,4779736,25,Clarke County,26724,27702,27240,27867,25833,65784,Rockville CDP,0,0,0,0,43,1-65784,1-25
1,Alabama,3444165,3893888,4040587,4447100,4779736,25,Clarke County,26724,27702,27240,27867,25833,75960,Thomasville City,3769,4387,4301,4649,4209,1-75960,1-25
1,Alabama,3444165,3893888,4040587,4447100,4779736,25,Clarke County,26724,27702,27240,27867,25833,81744,Whatley CDP,0,0,0,0,150,1-81744,1-25
1,Alabama,3444165,3893888,4040587,4447100,4779736,27,Clay County,12636,13703,13252,14254,13932,2860,Ashland Town,0,2052,2034,1965,2037,1-2860,1-27
1,Alabama,3444165,3893888,4040587,4447100,4779736,27,Clay County,12636,13703,13252,14254,13932,20272,Delta CDP,0,0,0,0,197,1-20272,1-27
1,Alabama,3444165,3893888,4040587,4447100,4779736,27,Clay County,12636,13703,13252,14254,13932,35512,Hollins CDP,0,0,0,0,545,1-35512,1-27
1,Alabama,3444165,3893888,4040587,4447100,4779736,27,Clay County,12636,13703,13252,14254,13932,43264,Lineville City,0,2257,2394,2401,2395,1-43264,1-27
1,Alabama,3444165,3893888,4040587,4447100,4779736,27,Clay County,12636,13703,13252,14254,13932,48784,Millerville CDP,0,0,0,0,278,1-48784,1-27
1,Alabama,3444165,3893888,4040587,4447100,4779736,29,Cleburne County,10996,12595,12730,14123,14972,23176,Edwardsville Town,0,207,118,186,202,1-23176,1-29
1,Alabama,3444165,3893888,4040587,4447100,4779736,29,Cleburne County,10996,12595,12730,14123,14972,28432,Fruithurst Town,0,239,177,270,284,1-28432,1-29
1,Alabama,3444165,3893888,4040587,4447100,4779736,29,Cleburne County,10996,12595,12730,14123,14972,33976,Heflin City,2872,3014,2906,3002,3480,1-33976,1-29
1,Alabama,3444165,3893888,4040587,4447100,4779736,29,Cleburne County,10996,12595,12730,14123,14972,35536,Hollis Crossroads CDP,0,0,0,0,608,1-35536,1-29
1,Alabama,3444165,3893888,4040587,4447100,4779736,29,Cleburne County,10996,12595,12730,14123,14972,63408,Ranburne Town,0,417,447,459,409,1-63408,1-29
1,Alabama,3444165,3893888,4040587,4447100,4779736,31,Coffee County,34872,38533,40240,43615,49948,23296,Elba City,4634,4355,4011,4185,3940,1-23296,1-31
1,Alabama,3444165,3893888,4040587,4447100,4779736,31,Coffee County,34872,38533,40240,43615,49948,24184,Enterprise City,15591,18033,20123,21178,26562,1-24184,1-31
1,Alabama,3444165,3893888,4040587,4447100,4779736,31,Coffee County,34872,38533,40240,43615,49948,40096,Kinston Town,0,604,595,602,540,1-40096,1-31
1,Alabama,3444165,3893888,4040587,4447100,4779736,31,Coffee County,34872,38533,40240,43615,49948,53856,New Brockton Town,0,1392,1184,1250,1146,1-53856,1-31
1,Alabama,3444165,3893888,4040587,4447100,4779736,33,Colbert County,49632,54519,51666,54984,54428,14152,Cherokee Town,0,1589,1479,1237,1048,1-14152,1-33
1,Alabama,3444165,3893888,4040587,4447100,4779736,33,Colbert County,49632,54519,51666,54984,54428,42160,Leighton Town,0,1218,988,849,729,1-42160,1-33
1,Alabama,3444165,3893888,4040587,4447100,4779736,33,Colbert County,49632,54519,51666,54984,54428,43648,Littleville Town,0,1262,925,978,1011,1-43648,1-33
1,Alabama,3444165,3893888,4040587,4447100,4779736,33,Colbert County,49632,54519,51666,54984,54428,53016,Muscle Shoals City,6907,8911,9611,11924,13146,1-53016,1-33
1,Alabama,3444165,3893888,4040587,4447100,4779736,33,Colbert County,49632,54519,51666,54984,54428,69648,Sheffield City,13115,11903,10380,9652,9039,1-69648,1-33
1,Alabama,3444165,3893888,4040587,4447100,4779736,33,Colbert County,49632,54519,51666,54984,54428,77280,Tuscumbia City,8828,9137,8413,7856,8423,1-77280,1-33
1,Alabama,3444165,3893888,4040587,4447100,4779736,35,Conecuh County,15645,15884,14054,14089,13228,12496,Castleberry Town,0,847,669,590,583,1-12496,1-35
1,Alabama,3444165,3893888,4040587,4447100,4779736,35,Conecuh County,15645,15884,14054,14089,13228,24808,Evergreen City,3924,4171,3911,3630,3944,1-24808,1-35
1,Alabama,3444165,3893888,4040587,4447100,4779736,35,Conecuh County,15645,15884,14054,14089,13228,64368,Repton Town,0,313,293,280,282,1-64368,1-35
1,Alabama,3444165,3893888,4040587,4447100,4779736,37,Coosa County,10662,11377,11063,12202,11539,30640,Goodwater Town,0,1895,1840,1633,1475,1-30640,1-37
1,Alabama,3444165,3893888,4040587,4447100,4779736,37,Coosa County,10662,11377,11063,12202,11539,34984,Hissop CDP,0,0,0,0,658,1-34984,1-37
1,Alabama,3444165,3893888,4040587,4447100,4779736,37,Coosa County,10662,11377,11063,12202,11539,39472,Kellyton Town,0,0,0,0,217,1-39472,1-37
1,Alabama,3444165,3893888,4040587,4447100,4779736,37,Coosa County,10662,11377,11063,12202,11539,52320,Mount Olive CDP,0,0,0,0,371,1-52320,1-37
1,Alabama,3444165,3893888,4040587,4447100,4779736,37,Coosa County,10662,11377,11063,12202,11539,63495,Ray CDP,0,0,0,0,443,1-63495,1-37
1,Alabama,3444165,3893888,4040587,4447100,4779736,37,Coosa County,10662,11377,11063,12202,11539,65472,Rockford Town,0,494,461,428,477,1-65472,1-37
1,Alabama,3444165,3893888,4040587,4447100,4779736,37,Coosa County,10662,11377,11063,12202,11539,73152,Stewartville CDP,0,0,0,0,1767,1-73152,1-37
1,Alabama,3444165,3893888,4040587,4447100,4779736,37,Coosa County,10662,11377,11063,12202,11539,80736,Weogufka CDP,0,0,0,0,282,1-80736,1-37
1,Alabama,3444165,3893888,4040587,4447100,4779736,39,Covington County,34079,36850,36478,37631,37765,1708,Andalusia City,10092,10415,9269,8794,9015,1-1708,1-39
1,Alabama,3444165,3893888,4040587,4447100,4779736,39,Covington County,34079,36850,36478,37631,37765,3556,Babbie Town,0,553,576,627,603,1-3556,1-39
1,Alabama,3444165,3893888,4040587,4447100,4779736,39,Covington County,34079,36850,36478,37631,37765,12160,Carolina Town,0,203,201,248,297,1-12160,1-39
1,Alabama,3444165,3893888,4040587,4447100,4779736,39,Covington County,34079,36850,36478,37631,37765,26848,Florala Town,2701,2165,2075,1964,1980,1-26848,1-39
1,Alabama,3444165,3893888,4040587,4447100,4779736,39,Covington County,34079,36850,36478,37631,37765,28936,Gantt Town,0,314,265,241,222,1-28936,1-39
1,Alabama,3444165,3893888,4040587,4447100,4779736,39,Covington County,34079,36850,36478,37631,37765,33904,Heath Town,0,354,182,249,254,1-33904,1-39
1,Alabama,3444165,3893888,4040587,4447100,4779736,39,Covington County,34079,36850,36478,37631,37765,36088,Horn Hill Town,0,186,0,235,228,1-36088,1-39
1,Alabama,3444165,3893888,4040587,4447100,4779736,39,Covington County,34079,36850,36478,37631,37765,42808,Libertyville Town,0,141,133,106,117,1-42808,1-39
1,Alabama,3444165,3893888,4040587,4447100,4779736,39,Covington County,34079,36850,36478,37631,37765,43816,Lockhart Town,0,547,484,548,516,1-43816,1-39
1,Alabama,3444165,3893888,4040587,4447100,4779736,39,Covington County,34079,36850,36478,37631,37765,57024,Onycha Town,0,147,150,208,184,1-57024,1-39
1,Alabama,3444165,3893888,4040587,4447100,4779736,39,Covington County,34079,36850,36478,37631,37765,57120,Opp City,6493,7204,6985,6607,6659,1-57120,1-39
1,Alabama,3444165,3893888,4040587,4447100,4779736,39,Covington County,34079,36850,36478,37631,37765,63768,Red Level Town,0,504,588,556,487,1-63768,1-39
1,Alabama,3444165,3893888,4040587,4447100,4779736,39,Covington County,34079,36850,36478,37631,37765,64776,River Falls Town,0,669,710,616,526,1-64776,1-39
1,Alabama,3444165,3893888,4040587,4447100,4779736,39,Covington County,34079,36850,36478,37631,37765,68016,Sanford Town,0,250,282,269,241,1-68016,1-39
1,Alabama,3444165,3893888,4040587,4447100,4779736,41,Crenshaw County,13188,14110,13635,13665,13906,9016,Brantley Town,0,1151,1015,920,809,1-9016,1-41
1,Alabama,3444165,3893888,4040587,4447100,4779736,41,Crenshaw County,13188,14110,13635,13665,13906,21448,Dozier Town,0,494,483,391,329,1-21448,1-41
1,Alabama,3444165,3893888,4040587,4447100,4779736,41,Crenshaw County,13188,14110,13635,13665,13906,30160,Glenwood Town,0,341,208,191,187,1-30160,1-41
1,Alabama,3444165,3893888,4040587,4447100,4779736,41,Crenshaw County,13188,14110,13635,13665,13906,44728,Luverne City,0,2639,2555,2635,2800,1-44728,1-41
1,Alabama,3444165,3893888,4040587,4447100,4779736,41,Crenshaw County,13188,14110,13635,13665,13906,59328,Petrey Town,0,93,80,63,58,1-59328,1-41
1,Alabama,3444165,3893888,4040587,4447100,4779736,41,Crenshaw County,13188,14110,13635,13665,13906,67176,Rutledge Town,0,496,473,476,467,1-67176,1-41
1,Alabama,3444165,3893888,4040587,4447100,4779736,43,Cullman County,52445,61642,67613,77483,80406,2116,Arab City,4399,5967,6321,7174,8050,1-2116,1-43
1,Alabama,3444165,3893888,4040587,4447100,4779736,43,Cullman County,52445,61642,67613,77483,80406,3676,Baileyton Town,0,396,352,684,610,1-3676,1-43
1,Alabama,3444165,3893888,4040587,4447100,4779736,43,Cullman County,52445,61642,67613,77483,80406,16684,Colony Town,0,0,298,385,268,1-16684,1-43
1,Alabama,3444165,3893888,4040587,4447100,4779736,43,Cullman County,52445,61642,67613,77483,80406,18976,Cullman City,12601,13084,13367,13995,14775,1-18976,1-43
1,Alabama,3444165,3893888,4040587,4447100,4779736,43,Cullman County,52445,61642,67613,77483,80406,20955,Dodge City Town,0,0,0,612,593,1-20955,1-43
1,Alabama,3444165,3893888,4040587,4447100,4779736,43,Cullman County,52445,61642,67613,77483,80406,22504,East Point CDP,0,0,0,0,201,1-22504,1-43
1,Alabama,3444165,3893888,4040587,4447100,4779736,43,Cullman County,52445,61642,67613,77483,80406,25384,Fairview Town,0,450,383,522,446,1-25384,1-43
1,Alabama,3444165,3893888,4040587,4447100,4779736,43,Cullman County,52445,61642,67613,77483,80406,30496,Good Hope Town,0,1442,1700,1966,2264,1-30496,1-43
1,Alabama,3444165,3893888,4040587,4447100,4779736,43,Cullman County,52445,61642,67613,77483,80406,32968,Hanceville City,0,2220,2246,2951,2982,1-32968,1-43
1,Alabama,3444165,3893888,4040587,4447100,4779736,43,Cullman County,52445,61642,67613,77483,80406,35560,Holly Pond Town,0,493,602,645,798,1-35560,1-43
1,Alabama,3444165,3893888,4040587,4447100,4779736,43,Cullman County,52445,61642,67613,77483,80406,39088,Joppa CDP,0,0,159789,158216,501,1-39088,1-43
1,Alabama,3444165,3893888,4040587,4447100,4779736,43,Cullman County,52445,61642,67613,77483,80406,71900,South Vinemont Town,0,615,543,425,749,1-71900,1-43
1,Alabama,3444165,3893888,4040587,4447100,4779736,43,Cullman County,52445,61642,67613,77483,80406,81528,West Point Town,0,248,257,295,586,1-81528,1-43
1,Alabama,3444165,3893888,4040587,4447100,4779736,45,Dale County,52938,47821,49633,49129,50251,2428,Ariton Town,0,844,743,772,764,1-2428,1-45
1,Alabama,3444165,3893888,4040587,4447100,4779736,45,Dale County,52938,47821,49633,49129,50251,15304,Clayhatchee Town,0,560,411,501,589,1-15304,1-45
1,Alabama,3444165,3893888,4040587,4447100,4779736,45,Dale County,52938,47821,49633,49129,50251,19360,Daleville City,5182,4250,5117,4653,5295,1-19360,1-45
1,Alabama,3444165,3893888,4040587,4447100,4779736,45,Dale County,52938,47821,49633,49129,50251,21184,Dothan City,36733,48750,53589,57737,65496,1-21184,1-45
1,Alabama,3444165,3893888,4040587,4447100,4779736,45,Dale County,52938,47821,49633,49129,50251,27640,Fort Rucker CDP,14242,8932,7593,6052,4636,1-27640,1-45
1,Alabama,3444165,3893888,4040587,4447100,4779736,45,Dale County,52938,47821,49633,49129,50251,32056,Grimes Town,0,298,443,459,558,1-32056,1-45
1,Alabama,3444165,3893888,4040587,4447100,4779736,45,Dale County,52938,47821,49633,49129,50251,42472,Level Plains Town,0,867,1473,1544,2085,1-42472,1-45
1,Alabama,3444165,3893888,4040587,4447100,4779736,45,Dale County,52938,47821,49633,49129,50251,48400,Midland City Town,0,1903,1819,1703,2344,1-48400,1-45
1,Alabama,3444165,3893888,4040587,4447100,4779736,45,Dale County,52938,47821,49633,49129,50251,53256,Napier Field Town,0,493,462,404,354,1-53256,1-45
1,Alabama,3444165,3893888,4040587,4447100,4779736,45,Dale County,52938,47821,49633,49129,50251,54480,Newton Town,0,1540,1580,1708,1511,1-54480,1-45
1,Alabama,3444165,3893888,4040587,4447100,4779736,45,Dale County,52938,47821,49633,49129,50251,57648,Ozark City,13555,13188,12922,15119,14907,1-57648,1-45
1,Alabama,3444165,3893888,4040587,4447100,4779736,45,Dale County,52938,47821,49633,49129,50251,59832,Pinckard Town,0,771,618,667,647,1-59832,1-45
1,Alabama,3444165,3893888,4040587,4447100,4779736,47,Dallas County,55296,53981,48130,46365,43820,57240,Orrville Town,0,349,234,230,204,1-57240,1-47
1,Alabama,3444165,3893888,4040587,4447100,4779736,47,Dallas County,55296,53981,48130,46365,43820,69120,Selma City,27379,26684,23755,20512,20756,1-69120,1-47
1,Alabama,3444165,3893888,4040587,4447100,4779736,47,Dallas County,55296,53981,48130,46365,43820,69180,Selmont-west Selmont CDP,0,5255,3823,3502,2671,1-69180,1-47
1,Alabama,3444165,3893888,4040587,4447100,4779736,47,Dallas County,55296,53981,48130,46365,43820,78232,Valley Grande City,0,0,0,0,4020,1-78232,1-47
1,Alabama,3444165,3893888,4040587,4447100,4779736,49,DeKalb County,41981,53658,54651,64452,71109,18856,Crossville Town,0,1222,1350,1431,1862,1-18856,1-49
1,Alabama,3444165,3893888,4040587,4447100,4779736,49,DeKalb County,41981,53658,54651,64452,71109,27616,Fort Payne City,8435,11485,11838,12938,14012,1-27616,1-49
1,Alabama,3444165,3893888,4040587,4447100,4779736,49,DeKalb County,41981,53658,54651,64452,71109,28672,Fyffe Town,0,1305,1094,971,1018,1-28672,1-49
1,Alabama,3444165,3893888,4040587,4447100,4779736,49,DeKalb County,41981,53658,54651,64452,71109,29608,Geraldine Town,0,911,801,786,896,1-29608,1-49
1,Alabama,3444165,3893888,4040587,4447100,4779736,49,DeKalb County,41981,53658,54651,64452,71109,32896,Hammondville Town,0,369,420,486,488,1-32896,1-49
1,Alabama,3444165,3893888,4040587,4447100,4779736,49,DeKalb County,41981,53658,54651,64452,71109,34096,Henagar City,0,1188,1934,2400,2344,1-34096,1-49
1,Alabama,3444165,3893888,4040587,4447100,4779736,49,DeKalb County,41981,53658,54651,64452,71109,37312,Ider Town,0,698,671,664,723,1-37312,1-49
1,Alabama,3444165,3893888,4040587,4447100,4779736,49,DeKalb County,41981,53658,54651,64452,71109,40888,Lakeview Town,0,441,166,163,143,1-40888,1-49
1,Alabama,3444165,3893888,4040587,4447100,4779736,49,DeKalb County,41981,53658,54651,64452,71109,48064,Mentone Town,0,476,474,451,360,1-48064,1-49
1,Alabama,3444165,3893888,4040587,4447100,4779736,49,DeKalb County,41981,53658,54651,64452,71109,60372,Pine Ridge Town,0,0,227,243,282,1-60372,1-49
1,Alabama,3444165,3893888,4040587,4447100,4779736,49,DeKalb County,41981,53658,54651,64452,71109,62075,Powell Town,0,0,0,926,955,1-62075,1-49
1,Alabama,3444165,3893888,4040587,4447100,4779736,49,DeKalb County,41981,53658,54651,64452,71109,63336,Rainsville City,0,3907,3875,4499,4948,1-63336,1-49
1,Alabama,3444165,3893888,4040587,4447100,4779736,49,DeKalb County,41981,53658,54651,64452,71109,69840,Shiloh Town,0,297,252,289,274,1-69840,1-49
1,Alabama,3444165,3893888,4040587,4447100,4779736,49,DeKalb County,41981,53658,54651,64452,71109,74400,Sylvania Town,0,1156,932,1186,1837,1-74400,1-49
1,Alabama,3444165,3893888,4040587,4447100,4779736,49,DeKalb County,41981,53658,54651,64452,71109,78240,Valley Head Town,0,609,577,611,558,1-78240,1-49
1,Alabama,3444165,3893888,4040587,4447100,4779736,51,Elmore County,33535,43390,49210,65874,79303,7588,Blue Ridge CDP,0,0,1151,1331,1341,1-7588,1-51
1,Alabama,3444165,3893888,4040587,4447100,4779736,51,Elmore County,33535,43390,49210,65874,79303,17176,Coosada Town,0,980,912,1382,1224,1-17176,1-51
1,Alabama,3444165,3893888,4040587,4447100,4779736,51,Elmore County,33535,43390,49210,65874,79303,20008,Deatsville Town,0,0,0,340,1154,1-20008,1-51
1,Alabama,3444165,3893888,4040587,4447100,4779736,51,Elmore County,33535,43390,49210,65874,79303,22816,Eclectic Town,0,1124,1087,1037,1001,1-22816,1-51
1,Alabama,3444165,3893888,4040587,4447100,4779736,51,Elmore County,33535,43390,49210,65874,79303,23656,Elmore Town,0,0,0,199,1262,1-23656,1-51
1,Alabama,3444165,3893888,4040587,4447100,4779736,51,Elmore County,33535,43390,49210,65874,79303,23880,Emerald Mountain CDP,0,0,0,0,2561,1-23880,1-51
1,Alabama,3444165,3893888,4040587,4447100,4779736,51,Elmore County,33535,43390,49210,65874,79303,35752,Holtville CDP,0,0,0,0,4096,1-35752,1-51
1,Alabama,3444165,3893888,4040587,4447100,4779736,51,Elmore County,33535,43390,49210,65874,79303,63730,Redland CDP,0,0,0,0,3736,1-63730,1-51
1,Alabama,3444165,3893888,4040587,4447100,4779736,51,Elmore County,33535,43390,49210,65874,79303,74688,Tallassee City,4809,4763,5112,4934,4819,1-74688,1-51
1,Alabama,3444165,3893888,4040587,4447100,4779736,51,Elmore County,33535,43390,49210,65874,79303,81720,Wetumpka City,3786,4341,4670,5726,6528,1-81720,1-51
1,Alabama,3444165,3893888,4040587,4447100,4779736,53,Escambia County,34906,38440,35518,38440,38319,3004,Atmore City,8293,8789,8046,7676,10194,1-3004,1-53
1,Alabama,3444165,3893888,4040587,4447100,4779736,53,Escambia County,34906,38440,35518,38440,38319,9208,Brewton City,6747,6680,5885,5498,5408,1-9208,1-53
1,Alabama,3444165,3893888,4040587,4447100,4779736,53,Escambia County,34906,38440,35518,38440,38319,22216,East Brewton City,0,3012,2579,2496,2478,1-22216,1-53
1,Alabama,3444165,3893888,4040587,4447100,4779736,53,Escambia County,34906,38440,35518,38440,38319,26824,Flomaton Town,0,1882,1811,1588,1440,1-26824,1-53
1,Alabama,3444165,3893888,4040587,4447100,4779736,53,Escambia County,34906,38440,35518,38440,38319,61536,Pollard Town,0,144,100,120,137,1-61536,1-53
1,Alabama,3444165,3893888,4040587,4447100,4779736,53,Escambia County,34906,38440,35518,38440,38319,65016,Riverview Town,0,132,90,99,184,1-65016,1-53
1,Alabama,3444165,3893888,4040587,4447100,4779736,55,Etowah County,94144,103057,99840,103459,104430,3028,Attalla City,7510,7737,6859,6592,6048,1-3028,1-55
1,Alabama,3444165,3893888,4040587,4447100,4779736,55,Etowah County,94144,103057,99840,103459,104430,3820,Ballplay CDP,0,0,0,0,1580,1-3820,1-55
1,Alabama,3444165,3893888,4040587,4447100,4779736,55,Etowah County,94144,103057,99840,103459,104430,7912,Boaz City,5621,7151,6928,7411,9551,1-7912,1-55
1,Alabama,3444165,3893888,4040587,4447100,4779736,55,Etowah County,94144,103057,99840,103459,104430,9457,Bristow Cove CDP,0,0,0,0,683,1-9457,1-55
1,Alabama,3444165,3893888,4040587,4447100,4779736,55,Etowah County,94144,103057,99840,103459,104430,12070,Carlisle-rockledge CDP,0,0,0,0,2137,1-12070,1-55
1,Alabama,3444165,3893888,4040587,4447100,4779736,55,Etowah County,94144,103057,99840,103459,104430,16080,Coats Bend CDP,0,0,0,0,1394,1-16080,1-55
1,Alabama,3444165,3893888,4040587,4447100,4779736,55,Etowah County,94144,103057,99840,103459,104430,23224,Egypt CDP,0,0,0,0,932,1-23224,1-55
1,Alabama,3444165,3893888,4040587,4447100,4779736,55,Etowah County,94144,103057,99840,103459,104430,28696,Gadsden City,53928,47565,42523,38978,36856,1-28696,1-55
1,Alabama,3444165,3893888,4040587,4447100,4779736,55,Etowah County,94144,103057,99840,103459,104430,28816,Gallant CDP,0,0,0,0,855,1-28816,1-55
1,Alabama,3444165,3893888,4040587,4447100,4779736,55,Etowah County,94144,103057,99840,103459,104430,35392,Hokes Bluff City,0,3216,3739,4149,4286,1-35392,1-55
1,Alabama,3444165,3893888,4040587,4447100,4779736,55,Etowah County,94144,103057,99840,103459,104430,38032,Ivalee CDP,0,0,0,0,879,1-38032,1-55
1,Alabama,3444165,3893888,4040587,4447100,4779736,55,Etowah County,94144,103057,99840,103459,104430,44160,Lookout Mountain CDP,0,0,0,0,1621,1-44160,1-55
1,Alabama,3444165,3893888,4040587,4447100,4779736,55,Etowah County,94144,103057,99840,103459,104430,54582,New Union CDP,0,0,0,0,955,1-54582,1-55
1,Alabama,3444165,3893888,4040587,4447100,4779736,55,Etowah County,94144,103057,99840,103459,104430,63288,Rainbow City City,3107,6299,7673,8428,9602,1-63288,1-55
1,Alabama,3444165,3893888,4040587,4447100,4779736,55,Etowah County,94144,103057,99840,103459,104430,63984,Reece City Town,0,718,657,634,653,1-63984,1-55
1,Alabama,3444165,3893888,4040587,4447100,4779736,55,Etowah County,94144,103057,99840,103459,104430,64656,Ridgeville Town,0,182,178,158,112,1-64656,1-55
1,Alabama,3444165,3893888,4040587,4447100,4779736,55,Etowah County,94144,103057,99840,103459,104430,68280,Sardis City Town,0,883,1301,1438,1704,1-68280,1-55
1,Alabama,3444165,3893888,4040587,4447100,4779736,55,Etowah County,94144,103057,99840,103459,104430,76208,Tidmore Bend CDP,0,0,0,0,1245,1-76208,1-55
1,Alabama,3444165,3893888,4040587,4447100,4779736,55,Etowah County,94144,103057,99840,103459,104430,79728,Walnut Grove Town,0,510,717,710,698,1-79728,1-55
1,Alabama,3444165,3893888,4040587,4447100,4779736,55,Etowah County,94144,103057,99840,103459,104430,82176,Whitesboro CDP,0,0,0,0,2138,1-82176,1-55
1,Alabama,3444165,3893888,4040587,4447100,4779736,57,Fayette County,16252,18809,17962,18495,17241,5164,Belk Town,0,308,255,214,215,1-5164,1-57
1,Alabama,3444165,3893888,4040587,4447100,4779736,57,Fayette County,16252,18809,17962,18495,17241,5932,Berry Town,0,916,1218,1238,1148,1-5932,1-57
1,Alabama,3444165,3893888,4040587,4447100,4779736,57,Fayette County,16252,18809,17962,18495,17241,25840,Fayette City,4568,5287,4909,4922,4619,1-25840,1-57
1,Alabama,3444165,3893888,4040587,4447100,4779736,57,Fayette County,16252,18809,17962,18495,17241,29944,Glen Allen Town,0,312,350,442,510,1-29944,1-57
1,Alabama,3444165,3893888,4040587,4447100,4779736,57,Fayette County,16252,18809,17962,18495,17241,32536,Gu-win Town,0,266,243,204,176,1-32536,1-57
1,Alabama,3444165,3893888,4040587,4447100,4779736,57,Fayette County,16252,18809,17962,18495,17241,82992,Winfield City,3292,3781,3689,4540,4717,1-82992,1-57
1,Alabama,3444165,3893888,4040587,4447100,4779736,59,Franklin County,23933,28350,27814,31223,31704,5140,Belgreen CDP,0,0,0,0,129,1-5140,1-59
1,Alabama,3444165,3893888,4040587,4447100,4779736,59,Franklin County,23933,28350,27814,31223,31704,35200,Hodges Town,0,250,272,261,288,1-35200,1-59
1,Alabama,3444165,3893888,4040587,4447100,4779736,59,Franklin County,23933,28350,27814,31223,31704,59496,Phil Campbell Town,0,1549,1317,1091,1148,1-59496,1-59
1,Alabama,3444165,3893888,4040587,4447100,4779736,59,Franklin County,23933,28350,27814,31223,31704,63576,Red Bay City,0,3232,3451,3374,3158,1-63576,1-59
1,Alabama,3444165,3893888,4040587,4447100,4779736,59,Franklin County,23933,28350,27814,31223,31704,67056,Russellville City,7814,8195,7812,8971,9830,1-67056,1-59
1,Alabama,3444165,3893888,4040587,4447100,4779736,59,Franklin County,23933,28350,27814,31223,31704,72672,Spruce Pine CDP,0,0,0,0,222,1-72672,1-59
1,Alabama,3444165,3893888,4040587,4447100,4779736,59,Franklin County,23933,28350,27814,31223,31704,78984,Vina Town,0,346,356,400,358,1-78984,1-59
1,Alabama,3444165,3893888,4040587,4447100,4779736,61,Geneva County,21924,24253,23647,25764,26790,7120,Black Town,0,156,174,202,207,1-7120,1-61
1,Alabama,3444165,3893888,4040587,4447100,4779736,61,Geneva County,21924,24253,23647,25764,26790,16240,Coffee Springs Town,0,339,294,251,228,1-16240,1-61
1,Alabama,3444165,3893888,4040587,4447100,4779736,61,Geneva County,21924,24253,23647,25764,26790,24616,Eunola CDP,0,169,199,182,243,1-24616,1-61
1,Alabama,3444165,3893888,4040587,4447100,4779736,61,Geneva County,21924,24253,23647,25764,26790,29464,Geneva City,4398,4866,4681,4388,4452,1-29464,1-61
1,Alabama,3444165,3893888,4040587,4447100,4779736,61,Geneva County,21924,24253,23647,25764,26790,33424,Hartford City,2648,2647,2448,2369,2624,1-33424,1-61
1,Alabama,3444165,3893888,4040587,4447100,4779736,61,Geneva County,21924,24253,23647,25764,26790,46264,Malvern Town,0,558,570,1215,1448,1-46264,1-61
1,Alabama,3444165,3893888,4040587,4447100,4779736,61,Geneva County,21924,24253,23647,25764,26790,67800,Samson City,0,2402,2190,2071,1940,1-67800,1-61
1,Alabama,3444165,3893888,4040587,4447100,4779736,61,Geneva County,21924,24253,23647,25764,26790,71040,Slocomb City,0,2153,1906,2052,1980,1-71040,1-61
1,Alabama,3444165,3893888,4040587,4447100,4779736,61,Geneva County,21924,24253,23647,25764,26790,75096,Taylor Town,0,1003,1352,1898,2375,1-75096,1-61
1,Alabama,3444165,3893888,4040587,4447100,4779736,63,Greene County,10650,11021,10153,9974,9045,8104,Boligee Town,0,164,268,369,328,1-8104,1-63
1,Alabama,3444165,3893888,4040587,4447100,4779736,63,Greene County,10650,11021,10153,9974,9045,24664,Eutaw Town,2805,2444,2281,1878,2934,1-24664,1-63
1,Alabama,3444165,3893888,4040587,4447100,4779736,63,Greene County,10650,11021,10153,9974,9045,27376,Forkland Town,0,429,667,629,649,1-27376,1-63
1,Alabama,3444165,3893888,4040587,4447100,4779736,63,Greene County,10650,11021,10153,9974,9045,77616,Union Town,0,2112,321,227,237,1-77616,1-63
1,Alabama,3444165,3893888,4040587,4447100,4779736,65,Hale County,15888,15604,15498,17185,15760,676,Akron Town,0,604,468,521,356,1-676,1-65
1,Alabama,3444165,3893888,4040587,4447100,4779736,65,Hale County,15888,15604,15498,17185,15760,31720,Greensboro City,3371,3248,3047,2731,2497,1-31720,1-65
1,Alabama,3444165,3893888,4040587,4447100,4779736,65,Hale County,15888,15604,15498,17185,15760,51648,Moundville Town,0,1310,1348,1809,2427,1-51648,1-65
1,Alabama,3444165,3893888,4040587,4447100,4779736,65,Hale County,15888,15604,15498,17185,15760,53784,Newbern Town,0,307,222,231,186,1-53784,1-65
1,Alabama,3444165,3893888,4040587,4447100,4779736,67,Henry County,13254,15302,15374,16310,17302,124,Abbeville City,2996,3155,3173,2987,2688,1-124,1-67
1,Alabama,3444165,3893888,4040587,4447100,4779736,67,Henry County,13254,15302,15374,16310,17302,32656,Haleburg Town,0,106,97,108,103,1-32656,1-67
1,Alabama,3444165,3893888,4040587,4447100,4779736,67,Henry County,13254,15302,15374,16310,17302,33856,Headland City,2545,3327,3266,3523,4510,1-33856,1-67
1,Alabama,3444165,3893888,4040587,4447100,4779736,67,Henry County,13254,15302,15374,16310,17302,54600,Newville Town,0,814,531,553,539,1-54600,1-67
1,Alabama,3444165,3893888,4040587,4447100,4779736,69,Houston County,56574,74632,81331,88787,101547,2836,Ashford Town,0,2165,1926,1853,2148,1-2836,1-69
1,Alabama,3444165,3893888,4040587,4447100,4779736,69,Houston County,56574,74632,81331,88787,101547,3364,Avon Town,0,433,462,466,543,1-3364,1-69
1,Alabama,3444165,3893888,4040587,4447100,4779736,69,Houston County,56574,74632,81331,88787,101547,16744,Columbia Town,0,881,922,804,740,1-16744,1-69
1,Alabama,3444165,3893888,4040587,4447100,4779736,69,Houston County,56574,74632,81331,88787,101547,17824,Cottonwood Town,0,1352,1385,1170,1289,1-17824,1-69
1,Alabama,3444165,3893888,4040587,4447100,4779736,69,Houston County,56574,74632,81331,88787,101547,18088,Cowarts Town,0,418,1400,1546,1871,1-18088,1-69
1,Alabama,3444165,3893888,4040587,4447100,4779736,69,Houston County,56574,74632,81331,88787,101547,30760,Gordon Town,0,362,493,408,332,1-30760,1-69
1,Alabama,3444165,3893888,4040587,4447100,4779736,69,Houston County,56574,74632,81331,88787,101547,40072,Kinsey Town,0,1239,1679,1796,2198,1-40072,1-69
1,Alabama,3444165,3893888,4040587,4447100,4779736,69,Houston County,56574,74632,81331,88787,101547,45904,Madrid Town,0,172,211,303,350,1-45904,1-69
1,Alabama,3444165,3893888,4040587,4447100,4779736,69,Houston County,56574,74632,81331,88787,101547,64152,Rehobeth Town,0,0,0,993,1297,1-64152,1-69
1,Alabama,3444165,3893888,4040587,4447100,4779736,69,Houston County,56574,74632,81331,88787,101547,80376,Webb Town,0,448,1039,1298,1430,1-80376,1-69
1,Alabama,3444165,3893888,4040587,4447100,4779736,71,Jackson County,39202,51407,47796,53926,53227,9328,Bridgeport City,2908,2974,2936,2728,2418,1-9328,1-71
1,Alabama,3444165,3893888,4040587,4447100,4779736,71,Jackson County,39202,51407,47796,53926,53227,21952,Dutton Town,0,276,243,310,315,1-21952,1-71
1,Alabama,3444165,3893888,4040587,4447100,4779736,71,Jackson County,39202,51407,47796,53926,53227,35632,Hollywood Town,0,1110,916,950,1000,1-35632,1-71
1,Alabama,3444165,3893888,4040587,4447100,4779736,71,Jackson County,39202,51407,47796,53926,53227,37264,Hytop Town,0,0,0,315,354,1-37264,1-71
1,Alabama,3444165,3893888,4040587,4447100,4779736,71,Jackson County,39202,51407,47796,53926,53227,41368,Langston Town,0,0,207,254,270,1-41368,1-71
1,Alabama,3444165,3893888,4040587,4447100,4779736,71,Jackson County,39202,51407,47796,53926,53227,57696,Paint Rock Town,0,221,214,185,210,1-57696,1-71
1,Alabama,3444165,3893888,4040587,4447100,4779736,71,Jackson County,39202,51407,47796,53926,53227,60720,Pisgah Town,0,699,652,706,722,1-60720,1-71
1,Alabama,3444165,3893888,4040587,4447100,4779736,71,Jackson County,39202,51407,47796,53926,53227,61038,Pleasant Groves Town,0,0,0,447,420,1-61038,1-71
1,Alabama,3444165,3893888,4040587,4447100,4779736,71,Jackson County,39202,51407,47796,53926,53227,68736,Scottsboro City,9324,14758,13786,14762,14770,1-68736,1-71
1,Alabama,3444165,3893888,4040587,4447100,4779736,71,Jackson County,39202,51407,47796,53926,53227,69000,Section Town,0,821,777,769,770,1-69000,1-71
1,Alabama,3444165,3893888,4040587,4447100,4779736,71,Jackson County,39202,51407,47796,53926,53227,70896,Skyline Town,0,0,740,843,851,1-70896,1-71
1,Alabama,3444165,3893888,4040587,4447100,4779736,71,Jackson County,39202,51407,47796,53926,53227,73080,Stevenson City,0,2568,2046,1770,2046,1-73080,1-71
1,Alabama,3444165,3893888,4040587,4447100,4779736,71,Jackson County,39202,51407,47796,53926,53227,83664,Woodville Town,0,609,687,761,746,1-83664,1-71
1,Alabama,3444165,3893888,4040587,4447100,4779736,73,Jefferson County,644991,671324,651525,662047,658466,460,Adamsville City,0,2498,4161,4965,4522,1-460,1-73
1,Alabama,3444165,3893888,4040587,4447100,4779736,73,Jefferson County,644991,671324,651525,662047,658466,2320,Argo Town,0,0,930,1780,4071,1-2320,1-73
1,Alabama,3444165,3893888,4040587,4447100,4779736,73,Jefferson County,644991,671324,651525,662047,658466,5980,Bessemer City,33428,31729,33497,29672,27456,1-5980,1-73
1,Alabama,3444165,3893888,4040587,4447100,4779736,73,Jefferson County,644991,671324,651525,662047,658466,7000,Birmingham City,300910,284413,265968,242820,212237,1-7000,1-73
1,Alabama,3444165,3893888,4040587,4447100,4779736,73,Jefferson County,644991,671324,651525,662047,658466,9400,Brighton City,0,5308,4518,3640,2945,1-9400,1-73
1,Alabama,3444165,3893888,4040587,4447100,4779736,73,Jefferson County,644991,671324,651525,662047,658466,9736,Brookside Town,0,1409,1365,1393,1363,1-9736,1-73
1,Alabama,3444165,3893888,4040587,4447100,4779736,73,Jefferson County,644991,671324,651525,662047,658466,12040,Cardiff Town,0,140,72,82,55,1-12040,1-73
1,Alabama,3444165,3893888,4040587,4447100,4779736,73,Jefferson County,644991,671324,651525,662047,658466,13264,Center Point City,15675,23317,22658,22784,16921,1-13264,1-73
1,Alabama,3444165,3893888,4040587,4447100,4779736,73,Jefferson County,644991,671324,651525,662047,658466,15256,Clay City,0,0,0,4947,9708,1-15256,1-73
1,Alabama,3444165,3893888,4040587,4447100,4779736,73,Jefferson County,644991,671324,651525,662047,658466,16936,Concord CDP,0,0,0,1809,1837,1-16936,1-73
1,Alabama,3444165,3893888,4040587,4447100,4779736,73,Jefferson County,644991,671324,651525,662047,658466,23032,Edgewater CDP,0,0,0,730,883,1-23032,1-73
1,Alabama,3444165,3893888,4040587,4447100,4779736,73,Jefferson County,644991,671324,651525,662047,658466,25120,Fairfield City,14369,13040,12200,12381,11117,1-25120,1-73
1,Alabama,3444165,3893888,4040587,4447100,4779736,73,Jefferson County,644991,671324,651525,662047,658466,27088,Forestdale CDP,6091,10814,10395,10509,10162,1-27088,1-73
1,Alabama,3444165,3893888,4040587,4447100,4779736,73,Jefferson County,644991,671324,651525,662047,658466,28552,Fultondale City,5163,6217,6400,6595,8380,1-28552,1-73
1,Alabama,3444165,3893888,4040587,4447100,4779736,73,Jefferson County,644991,671324,651525,662047,658466,29056,Gardendale City,6502,7928,9251,11626,13893,1-29056,1-73
1,Alabama,3444165,3893888,4040587,4447100,4779736,73,Jefferson County,644991,671324,651525,662047,658466,31348,Grayson Valley CDP,0,0,0,5447,5736,1-31348,1-73
1,Alabama,3444165,3893888,4040587,4447100,4779736,73,Jefferson County,644991,671324,651525,662047,658466,31384,Graysville City,3182,2642,2241,2344,2165,1-31384,1-73
1,Alabama,3444165,3893888,4040587,4447100,4779736,73,Jefferson County,644991,671324,651525,662047,658466,34024,Helena City,0,2130,3918,10296,16793,1-34024,1-73
1,Alabama,3444165,3893888,4040587,4447100,4779736,73,Jefferson County,644991,671324,651525,662047,658466,35800,Homewood City,21245,21412,22922,25043,25167,1-35800,1-73
1,Alabama,3444165,3893888,4040587,4447100,4779736,73,Jefferson County,644991,671324,651525,662047,658466,35896,Hoover City,0,19792,39788,62742,81619,1-35896,1-73
1,Alabama,3444165,3893888,4040587,4447100,4779736,73,Jefferson County,644991,671324,651525,662047,658466,36448,Hueytown City,7095,13309,15280,15364,16105,1-36448,1-73
1,Alabama,3444165,3893888,4040587,4447100,4779736,73,Jefferson County,644991,671324,651525,662047,658466,37864,Irondale City,3166,6510,9454,9813,12349,1-37864,1-73
1,Alabama,3444165,3893888,4040587,4447100,4779736,73,Jefferson County,644991,671324,651525,662047,658466,39856,Kimberly Town,0,1043,1096,1801,2711,1-39856,1-73
1,Alabama,3444165,3893888,4040587,4447100,4779736,73,Jefferson County,644991,671324,651525,662047,658466,41968,Leeds City,6991,8638,9946,10455,11773,1-41968,1-73
1,Alabama,3444165,3893888,4040587,4447100,4779736,73,Jefferson County,644991,671324,651525,662047,658466,43336,Lipscomb City,3225,3741,2892,2458,2210,1-43336,1-73
1,Alabama,3444165,3893888,4040587,4447100,4779736,73,Jefferson County,644991,671324,651525,662047,658466,47728,Maytown Town,0,538,651,435,385,1-47728,1-73
1,Alabama,3444165,3893888,4040587,4447100,4779736,73,Jefferson County,644991,671324,651525,662047,658466,45208,Mcdonald Chapel CDP,0,0,0,1054,717,1-45208,1-73
1,Alabama,3444165,3893888,4040587,4447100,4779736,73,Jefferson County,644991,671324,651525,662047,658466,48376,Midfield City,6399,6536,5559,5626,5365,1-48376,1-73
1,Alabama,3444165,3893888,4040587,4447100,4779736,73,Jefferson County,644991,671324,651525,662047,658466,49072,Minor CDP,0,0,3313,1116,1094,1-49072,1-73
1,Alabama,3444165,3893888,4040587,4447100,4779736,73,Jefferson County,644991,671324,651525,662047,658466,51456,Morris Town,0,623,1136,1827,1859,1-51456,1-73
1,Alabama,3444165,3893888,4040587,4447100,4779736,73,Jefferson County,644991,671324,651525,662047,658466,51696,Mountain Brook City,19474,19718,19810,20604,20413,1-51696,1-73
1,Alabama,3444165,3893888,4040587,4447100,4779736,73,Jefferson County,644991,671324,651525,662047,658466,52344,Mount Olive CDP,0,0,0,3957,4079,1-52344,1-73
1,Alabama,3444165,3893888,4040587,4447100,4779736,73,Jefferson County,644991,671324,651525,662047,658466,52776,Mulga Town,0,405,261,973,836,1-52776,1-73
1,Alabama,3444165,3893888,4040587,4447100,4779736,73,Jefferson County,644991,671324,651525,662047,658466,55152,North Johns Town,0,243,177,142,145,1-55152,1-73
1,Alabama,3444165,3893888,4040587,4447100,4779736,73,Jefferson County,644991,671324,651525,662047,658466,60648,Pinson City,0,0,0,5033,7163,1-60648,1-73
1,Alabama,3444165,3893888,4040587,4447100,4779736,73,Jefferson County,644991,671324,651525,662047,658466,61008,Pleasant Grove City,5090,7102,8458,9983,10110,1-61008,1-73
1,Alabama,3444165,3893888,4040587,4447100,4779736,73,Jefferson County,644991,671324,651525,662047,658466,65412,Rock Creek CDP,0,0,0,1495,1456,1-65412,1-73
1,Alabama,3444165,3893888,4040587,4447100,4779736,73,Jefferson County,644991,671324,651525,662047,658466,73848,Sumiton City,0,2815,2604,2665,2520,1-73848,1-73
1,Alabama,3444165,3893888,4040587,4447100,4779736,73,Jefferson County,644991,671324,651525,662047,658466,74424,Sylvan Springs Town,0,450,1470,1465,1542,1-74424,1-73
1,Alabama,3444165,3893888,4040587,4447100,4779736,73,Jefferson County,644991,671324,651525,662047,658466,74976,Tarrant City,6835,8148,0,7022,6397,1-74976,1-73
1,Alabama,3444165,3893888,4040587,4447100,4779736,73,Jefferson County,644991,671324,651525,662047,658466,76944,Trussville City,2985,3507,8266,12924,19933,1-76944,1-73
1,Alabama,3444165,3893888,4040587,4447100,4779736,73,Jefferson County,644991,671324,651525,662047,658466,78552,Vestavia Hills City,8311,15722,19749,24476,34033,1-78552,1-73
1,Alabama,3444165,3893888,4040587,4447100,4779736,73,Jefferson County,644991,671324,651525,662047,658466,79944,Warrior City,2621,3260,3280,3169,3176,1-79944,1-73
1,Alabama,3444165,3893888,4040587,4447100,4779736,73,Jefferson County,644991,671324,651525,662047,658466,81336,West Jefferson Town,0,357,388,344,338,1-81336,1-73
1,Alabama,3444165,3893888,4040587,4447100,4779736,75,Lamar County,14335,16453,15715,15904,14564,4948,Beaverton Town,0,360,319,226,201,1-4948,1-75
1,Alabama,3444165,3893888,4040587,4447100,4779736,75,Lamar County,14335,16453,15715,15904,14564,20392,Detroit Town,0,326,291,247,237,1-20392,1-75
1,Alabama,3444165,3893888,4040587,4447100,4779736,75,Lamar County,14335,16453,15715,15904,14564,39520,Kennedy Town,0,604,523,541,447,1-39520,1-75
1,Alabama,3444165,3893888,4040587,4447100,4779736,75,Lamar County,14335,16453,15715,15904,14564,48808,Millport Town,0,1287,1203,1160,1049,1-48808,1-75
1,Alabama,3444165,3893888,4040587,4447100,4779736,75,Lamar County,14335,16453,15715,15904,14564,73728,Sulligent City,0,2130,1886,2151,1927,1-73728,1-75
1,Alabama,3444165,3893888,4040587,4447100,4779736,75,Lamar County,14335,16453,15715,15904,14564,78480,Vernon City,0,2609,2247,2143,2000,1-78480,1-75
1,Alabama,3444165,3893888,4040587,4447100,4779736,77,Lauderdale County,68111,80546,79661,87966,92709,1756,Anderson Town,0,405,339,354,282,1-1756,1-77
1,Alabama,3444165,3893888,4040587,4447100,4779736,77,Lauderdale County,68111,80546,79661,87966,92709,26896,Florence City,34031,37029,36426,36264,39319,1-26896,1-77
1,Alabama,3444165,3893888,4040587,4447100,4779736,77,Lauderdale County,68111,80546,79661,87966,92709,39784,Killen Town,0,747,1047,1119,1108,1-39784,1-77
1,Alabama,3444165,3893888,4040587,4447100,4779736,77,Lauderdale County,68111,80546,79661,87966,92709,42640,Lexington Town,0,884,821,840,735,1-42640,1-77
1,Alabama,3444165,3893888,4040587,4447100,4779736,77,Lauderdale County,68111,80546,79661,87966,92709,66216,Rogersville Town,0,1224,1125,1199,1257,1-66216,1-77
1,Alabama,3444165,3893888,4040587,4447100,4779736,77,Lauderdale County,68111,80546,79661,87966,92709,67536,St. Florian Town,0,305,388,335,413,1-67536,1-77
1,Alabama,3444165,3893888,4040587,4447100,4779736,77,Lauderdale County,68111,80546,79661,87966,92709,77580,Underwood-petersville CDP,0,3836,3092,3137,3247,1-77580,1-77
1,Alabama,3444165,3893888,4040587,4447100,4779736,77,Lauderdale County,68111,80546,79661,87966,92709,80064,Waterloo Town,0,260,250,208,203,1-80064,1-77
1,Alabama,3444165,3893888,4040587,4447100,4779736,79,Lawrence County,27281,30170,31513,34803,34339,18040,Courtland Town,0,456,803,769,609,1-18040,1-79
1,Alabama,3444165,3893888,4040587,4447100,4779736,79,Lawrence County,27281,30170,31513,34803,34339,33544,Hatton CDP,0,0,0,0,261,1-33544,1-79
1,Alabama,3444165,3893888,4040587,4447100,4779736,79,Lawrence County,27281,30170,31513,34803,34339,34816,Hillsboro Town,0,278,587,608,552,1-34816,1-79
1,Alabama,3444165,3893888,4040587,4447100,4779736,79,Lawrence County,27281,30170,31513,34803,34339,51600,Moulton City,0,3197,3248,3260,3471,1-51600,1-79
1,Alabama,3444165,3893888,4040587,4447100,4779736,79,Lawrence County,27281,30170,31513,34803,34339,55044,North Courtland Town,0,0,973,799,632,1-55044,1-79
1,Alabama,3444165,3893888,4040587,4447100,4779736,79,Lawrence County,27281,30170,31513,34803,34339,76584,Town Creek Town,0,1201,1379,1216,1100,1-76584,1-79
1,Alabama,3444165,3893888,4040587,4447100,4779736,81,Lee County,61268,76283,87146,115092,140247,3076,Auburn City,22767,28471,33830,42987,53380,1-3076,1-81
1,Alabama,3444165,3893888,4040587,4447100,4779736,81,Lee County,61268,76283,87146,115092,140247,43744,Loachapoka Town,0,335,259,165,180,1-43744,1-81
1,Alabama,3444165,3893888,4040587,4447100,4779736,81,Lee County,61268,76283,87146,115092,140247,55440,Notasulga Town,0,876,979,916,965,1-55440,1-81
1,Alabama,3444165,3893888,4040587,4447100,4779736,81,Lee County,61268,76283,87146,115092,140247,57048,Opelika City,19027,21896,22122,23498,26477,1-57048,1-81
1,Alabama,3444165,3893888,4040587,4447100,4779736,81,Lee County,61268,76283,87146,115092,140247,59472,Phenix City City,25281,26928,25312,28265,32822,1-59472,1-81
1,Alabama,3444165,3893888,4040587,4447100,4779736,81,Lee County,61268,76283,87146,115092,140247,71190,Smiths Station City,0,0,0,0,4926,1-71190,1-81
1,Alabama,3444165,3893888,4040587,4447100,4779736,83,Limestone County,41699,46005,54135,65676,82782,2260,Ardmore Town,0,1096,1090,1034,1194,1-2260,1-83
1,Alabama,3444165,3893888,4040587,4447100,4779736,83,Limestone County,41699,46005,54135,65676,82782,2956,Athens City,14360,14558,16901,18967,21897,1-2956,1-83
1,Alabama,3444165,3893888,4040587,4447100,4779736,83,Limestone County,41699,46005,54135,65676,82782,20104,Decatur City,38044,42002,48761,53929,55683,1-20104,1-83
1,Alabama,3444165,3893888,4040587,4447100,4779736,83,Limestone County,41699,46005,54135,65676,82782,23488,Elkmont Town,0,429,389,470,434,1-23488,1-83
1,Alabama,3444165,3893888,4040587,4447100,4779736,83,Limestone County,41699,46005,54135,65676,82782,37000,Huntsville City,137802,142513,159789,158216,180105,1-37000,1-83
1,Alabama,3444165,3893888,4040587,4447100,4779736,83,Limestone County,41699,46005,54135,65676,82782,42352,Lester Town,0,117,89,107,111,1-42352,1-83
1,Alabama,3444165,3893888,4040587,4447100,4779736,83,Limestone County,41699,46005,54135,65676,82782,45784,Madison City,3086,4057,14904,29329,42938,1-45784,1-83
1,Alabama,3444165,3893888,4040587,4447100,4779736,83,Limestone County,41699,46005,54135,65676,82782,51264,Mooresville Town,0,58,54,59,53,1-51264,1-83
1,Alabama,3444165,3893888,4040587,4447100,4779736,85,Lowndes County,12897,13253,12658,13473,11299,5692,Benton Town,0,74,48,47,49,1-5692,1-85
1,Alabama,3444165,3893888,4040587,4447100,4779736,85,Lowndes County,12897,13253,12658,13473,11299,27520,Fort Deposit Town,0,1519,1240,1270,1344,1-27520,1-85
1,Alabama,3444165,3893888,4040587,4447100,4779736,85,Lowndes County,12897,13253,12658,13473,11299,30808,Gordonville Town,0,0,0,318,326,1-30808,1-85
1,Alabama,3444165,3893888,4040587,4447100,4779736,85,Lowndes County,12897,13253,12658,13473,11299,33712,Hayneville Town,0,592,969,1177,932,1-33712,1-85
1,Alabama,3444165,3893888,4040587,4447100,4779736,85,Lowndes County,12897,13253,12658,13473,11299,44536,Lowndesboro Town,0,207,139,140,115,1-44536,1-85
1,Alabama,3444165,3893888,4040587,4447100,4779736,85,Lowndes County,12897,13253,12658,13473,11299,51520,Mosses Town,0,649,1072,1101,1029,1-51520,1-85
1,Alabama,3444165,3893888,4040587,4447100,4779736,85,Lowndes County,12897,13253,12658,13473,11299,81912,White Hall Town,0,195,814,1014,858,1-81912,1-85
1,Alabama,3444165,3893888,4040587,4447100,4779736,87,Macon County,24841,26829,24928,24105,21452,28024,Franklin Town,0,133,152,149,149,1-28024,1-87
1,Alabama,3444165,3893888,4040587,4447100,4779736,87,Macon County,24841,26829,24928,24105,21452,70128,Shorter Town,0,0,461,355,474,1-70128,1-87
1,Alabama,3444165,3893888,4040587,4447100,4779736,87,Macon County,24841,26829,24928,24105,21452,77304,Tuskegee City,11028,13327,12257,11846,9865,1-77304,1-87
1,Alabama,3444165,3893888,4040587,4447100,4779736,89,Madison County,186540,196966,238912,276700,334811,32440,Gurley Town,0,735,1007,876,801,1-32440,1-89
1,Alabama,3444165,3893888,4040587,4447100,4779736,89,Madison County,186540,196966,238912,276700,334811,33472,Harvest CDP,0,0,1922,3054,5281,1-33472,1-89
1,Alabama,3444165,3893888,4040587,4447100,4779736,89,Madison County,186540,196966,238912,276700,334811,33808,Hazel Green CDP,0,1503,2208,3805,3630,1-33808,1-89
1,Alabama,3444165,3893888,4040587,4447100,4779736,89,Madison County,186540,196966,238912,276700,334811,48112,Meridianville CDP,0,1403,2852,4117,6021,1-48112,1-89
1,Alabama,3444165,3893888,4040587,4447100,4779736,89,Madison County,186540,196966,238912,276700,334811,51216,Moores Mill CDP,0,0,3362,5178,5682,1-51216,1-89
1,Alabama,3444165,3893888,4040587,4447100,4779736,89,Madison County,186540,196966,238912,276700,334811,54168,New Hope City,0,1546,2248,2539,2810,1-54168,1-89
1,Alabama,3444165,3893888,4040587,4447100,4779736,89,Madison County,186540,196966,238912,276700,334811,54312,New Market CDP,0,0,1094,1864,1597,1-54312,1-89
1,Alabama,3444165,3893888,4040587,4447100,4779736,89,Madison County,186540,196966,238912,276700,334811,57504,Owens Cross Roads Town,0,0,695,1124,1521,1-57504,1-89
1,Alabama,3444165,3893888,4040587,4447100,4779736,89,Madison County,186540,196966,238912,276700,334811,63912,Redstone Arsenal CDP,0,5728,4909,2365,1946,1-63912,1-89
1,Alabama,3444165,3893888,4040587,4447100,4779736,89,Madison County,186540,196966,238912,276700,334811,76824,Triana Town,0,285,499,458,496,1-76824,1-89
1,Alabama,3444165,3893888,4040587,4447100,4779736,91,Marengo County,23819,25047,23084,22539,21027,19912,Dayton Town,0,113,77,60,52,1-19912,1-91
1,Alabama,3444165,3893888,4040587,4447100,4779736,91,Marengo County,23819,25047,23084,22539,21027,20296,Demopolis City,7651,7678,7512,7540,7483,1-20296,1-91
1,Alabama,3444165,3893888,4040587,4447100,4779736,91,Marengo County,23819,25047,23084,22539,21027,25816,Faunsdale Town,0,174,96,87,98,1-25816,1-91
1,Alabama,3444165,3893888,4040587,4447100,4779736,91,Marengo County,23819,25047,23084,22539,21027,43240,Linden City,2697,2773,2548,2424,2123,1-43240,1-91
1,Alabama,3444165,3893888,4040587,4447100,4779736,91,Marengo County,23819,25047,23084,22539,21027,53112,Myrtlewood Town,0,252,197,139,130,1-53112,1-91
1,Alabama,3444165,3893888,4040587,4447100,4779736,91,Marengo County,23819,25047,23084,22539,21027,53208,Nanafalia CDP,0,0,0,0,94,1-53208,1-91
1,Alabama,3444165,3893888,4040587,4447100,4779736,91,Marengo County,23819,25047,23084,22539,21027,62688,Providence Town,0,363,307,311,223,1-62688,1-91
1,Alabama,3444165,3893888,4040587,4447100,4779736,91,Marengo County,23819,25047,23084,22539,21027,62952,Putnam CDP,0,0,0,0,193,1-62952,1-91
1,Alabama,3444165,3893888,4040587,4447100,4779736,91,Marengo County,23819,25047,23084,22539,21027,74304,Sweet Water Town,0,253,243,234,258,1-74304,1-91
1,Alabama,3444165,3893888,4040587,4447100,4779736,91,Marengo County,23819,25047,23084,22539,21027,75936,Thomaston Town,0,679,497,383,417,1-75936,1-91
1,Alabama,3444165,3893888,4040587,4447100,4779736,93,Marion County,23788,30041,29830,31214,30776,4852,Bear Creek Town,0,353,913,1053,1070,1-4852,1-93
1,Alabama,3444165,3893888,4040587,4447100,4779736,93,Marion County,23788,30041,29830,31214,30776,9424,Brilliant Town,0,871,751,762,900,1-9424,1-93
1,Alabama,3444165,3893888,4040587,4447100,4779736,93,Marion County,23788,30041,29830,31214,30776,32224,Guin City,0,2418,2464,2389,2376,1-32224,1-93
1,Alabama,3444165,3893888,4040587,4447100,4779736,93,Marion County,23788,30041,29830,31214,30776,32560,Hackleburg Town,0,883,1161,1527,1516,1-32560,1-93
1,Alabama,3444165,3893888,4040587,4447100,4779736,93,Marion County,23788,30041,29830,31214,30776,32704,Haleyville City,4134,5306,4452,4182,4173,1-32704,1-93
1,Alabama,3444165,3893888,4040587,4447100,4779736,93,Marion County,23788,30041,29830,31214,30776,32848,Hamilton City,3088,5093,5787,6786,6885,1-32848,1-93
1,Alabama,3444165,3893888,4040587,4447100,4779736,93,Marion County,23788,30041,29830,31214,30776,77352,Twin Town,0,0,0,0,399,1-77352,1-93
1,Alabama,3444165,3893888,4040587,4447100,4779736,95,Marshall County,54211,65622,70832,82231,93019,988,Albertville City,9963,12039,14507,17247,21160,1-988,1-95
1,Alabama,3444165,3893888,4040587,4447100,4779736,95,Marshall County,54211,65622,70832,82231,93019,21328,Douglas Town,0,116,474,530,744,1-21328,1-95
1,Alabama,3444165,3893888,4040587,4447100,4779736,95,Marshall County,54211,65622,70832,82231,93019,31096,Grant Town,0,632,638,665,896,1-31096,1-95
1,Alabama,3444165,3893888,4040587,4447100,4779736,95,Marshall County,54211,65622,70832,82231,93019,32416,Guntersville City,6491,7041,7038,7395,8197,1-32416,1-95
1,Alabama,3444165,3893888,4040587,4447100,4779736,95,Marshall County,54211,65622,70832,82231,93019,77784,Union Grove Town,0,127,119,94,77,1-77784,1-95
1,Alabama,3444165,3893888,4040587,4447100,4779736,97,Mobile County,317308,364980,378643,399843,412992,3508,Axis CDP,0,0,0,0,757,1-3508,1-97
1,Alabama,3444165,3893888,4040587,4447100,4779736,97,Mobile County,317308,364980,378643,399843,412992,4684,Bayou La Batre City,2664,2005,2456,2313,2558,1-4684,1-97
1,Alabama,3444165,3893888,4040587,4447100,4779736,97,Mobile County,317308,364980,378643,399843,412992,5212,Belle Fontaine CDP,0,0,0,0,608,1-5212,1-97
1,Alabama,3444165,3893888,4040587,4447100,4779736,97,Mobile County,317308,364980,378643,399843,412992,10456,Bucks CDP,0,0,0,0,32,1-10456,1-97
1,Alabama,3444165,3893888,4040587,4447100,4779736,97,Mobile County,317308,364980,378643,399843,412992,11488,Calvert CDP,0,0,2136,3158,277,1-11488,1-97
1,Alabama,3444165,3893888,4040587,4447100,4779736,97,Mobile County,317308,364980,378643,399843,412992,14392,Chickasaw City,8447,7402,6649,6364,6106,1-14392,1-97
1,Alabama,3444165,3893888,4040587,4447100,4779736,97,Mobile County,317308,364980,378643,399843,412992,14968,Chunchula CDP,0,0,0,0,210,1-14968,1-97
1,Alabama,3444165,3893888,4040587,4447100,4779736,97,Mobile County,317308,364980,378643,399843,412992,15064,Citronelle City,0,2841,3671,3659,3905,1-15064,1-97
1,Alabama,3444165,3893888,4040587,4447100,4779736,97,Mobile County,317308,364980,378643,399843,412992,18304,Creola City,0,1652,1896,2002,1926,1-18304,1-97
1,Alabama,3444165,3893888,4040587,4447100,4779736,97,Mobile County,317308,364980,378643,399843,412992,19744,Dauphin Island Town,0,0,824,1371,1238,1-19744,1-97
1,Alabama,3444165,3893888,4040587,4447100,4779736,97,Mobile County,317308,364980,378643,399843,412992,31024,Grand Bay CDP,0,3185,3383,3918,3672,1-31024,1-97
1,Alabama,3444165,3893888,4040587,4447100,4779736,97,Mobile County,317308,364980,378643,399843,412992,32248,Gulfcrest CDP,0,0,0,0,161,1-32248,1-97
1,Alabama,3444165,3893888,4040587,4447100,4779736,97,Mobile County,317308,364980,378643,399843,412992,50000,Mobile City,190026,200452,196278,198915,195111,1-50000,1-97
1,Alabama,3444165,3893888,4040587,4447100,4779736,97,Mobile County,317308,364980,378643,399843,412992,52608,Mount Vernon Town,0,1038,902,844,1574,1-52608,1-97
1,Alabama,3444165,3893888,4040587,4447100,4779736,97,Mobile County,317308,364980,378643,399843,412992,52680,Movico CDP,0,0,0,0,305,1-52680,1-97
1,Alabama,3444165,3893888,4040587,4447100,4779736,97,Mobile County,317308,364980,378643,399843,412992,62496,Prichard City,41578,39541,34311,28633,22659,1-62496,1-97
1,Alabama,3444165,3893888,4040587,4447100,4779736,97,Mobile County,317308,364980,378643,399843,412992,68160,Saraland City,7840,9833,11751,12288,13405,1-68160,1-97
1,Alabama,3444165,3893888,4040587,4447100,4779736,97,Mobile County,317308,364980,378643,399843,412992,68352,Satsuma City,0,3822,5194,5687,6168,1-68352,1-97
1,Alabama,3444165,3893888,4040587,4447100,4779736,97,Mobile County,317308,364980,378643,399843,412992,75768,Theodore CDP,0,6392,6509,6811,6130,1-75768,1-97
1,Alabama,3444165,3893888,4040587,4447100,4779736,97,Mobile County,317308,364980,378643,399843,412992,76320,Tillmans Corner CDP,0,15941,17988,15685,17398,1-76320,1-97
1,Alabama,3444165,3893888,4040587,4447100,4779736,99,Monroe County,20883,22651,23968,24324,23068,4900,Beatrice Town,0,558,454,412,301,1-4900,1-99
1,Alabama,3444165,3893888,4040587,4447100,4779736,99,Monroe County,20883,22651,23968,24324,23068,24880,Excel Town,0,385,571,582,723,1-24880,1-99
1,Alabama,3444165,3893888,4040587,4447100,4779736,99,Monroe County,20883,22651,23968,24324,23068,28312,Frisco City Town,0,1424,1581,1460,1309,1-28312,1-99
1,Alabama,3444165,3893888,4040587,4447100,4779736,99,Monroe County,20883,22651,23968,24324,23068,47848,Megargel CDP,0,0,0,0,62,1-47848,1-99
1,Alabama,3444165,3893888,4040587,4447100,4779736,99,Monroe County,20883,22651,23968,24324,23068,50192,Monroeville City,4846,5674,6993,6862,6519,1-50192,1-99
1,Alabama,3444165,3893888,4040587,4447100,4779736,99,Monroe County,20883,22651,23968,24324,23068,59232,Peterman CDP,0,0,0,0,89,1-59232,1-99
1,Alabama,3444165,3893888,4040587,4447100,4779736,99,Monroe County,20883,22651,23968,24324,23068,78120,Uriah CDP,0,0,0,0,294,1-78120,1-99
1,Alabama,3444165,3893888,4040587,4447100,4779736,99,Monroe County,20883,22651,23968,24324,23068,79272,Vredenburgh Town,0,433,313,327,312,1-79272,1-99
1,Alabama,3444165,3893888,4040587,4447100,4779736,101,Montgomery County,167790,197038,209085,223510,229363,51000,Montgomery City,133386,177857,187106,201568,205764,1-51000,1-101
1,Alabama,3444165,3893888,4040587,4447100,4779736,101,Montgomery County,167790,197038,209085,223510,229363,59760,Pike Road Town,0,0,0,310,5406,1-59760,1-101
1,Alabama,3444165,3893888,4040587,4447100,4779736,103,Morgan County,77306,90231,100043,111064,119490,24688,Eva Town,0,185,438,491,519,1-24688,1-103
1,Alabama,3444165,3893888,4040587,4447100,4779736,103,Morgan County,77306,90231,100043,111064,119490,25648,Falkville Town,0,1310,1337,1202,1279,1-25648,1-103
1,Alabama,3444165,3893888,4040587,4447100,4779736,103,Morgan County,77306,90231,100043,111064,119490,33448,Hartselle City,7355,8858,10795,12019,14255,1-33448,1-103
1,Alabama,3444165,3893888,4040587,4447100,4779736,103,Morgan County,77306,90231,100043,111064,119490,62472,Priceville Town,0,966,1323,1631,2658,1-62472,1-103
1,Alabama,3444165,3893888,4040587,4447100,4779736,103,Morgan County,77306,90231,100043,111064,119490,71496,Somerville Town,0,140,211,347,724,1-71496,1-103
1,Alabama,3444165,3893888,4040587,4447100,4779736,103,Morgan County,77306,90231,100043,111064,119490,76872,Trinity Town,0,1328,1380,1841,2095,1-76872,1-103
1,Alabama,3444165,3893888,4040587,4447100,4779736,105,Perry County,15388,15012,12759,11861,10591,46768,Marion City,4289,4467,4211,3511,3686,1-46768,1-105
1,Alabama,3444165,3893888,4040587,4447100,4779736,105,Perry County,15388,15012,12759,11861,10591,77904,Uniontown Town,0,2112,1730,1636,1775,1-77904,1-105
1,Alabama,3444165,3893888,4040587,4447100,4779736,107,Pickens County,20326,21481,20699,20949,19746,1228,Aliceville City,2851,3207,3009,2567,2486,1-1228,1-107
1,Alabama,3444165,3893888,4040587,4447100,4779736,107,Pickens County,20326,21481,20699,20949,19746,12304,Carrollton Town,0,1104,1170,987,1019,1-12304,1-107
1,Alabama,3444165,3893888,4040587,4447100,4779736,107,Pickens County,20326,21481,20699,20949,19746,24472,Ethelsville Town,0,95,52,81,81,1-24472,1-107
1,Alabama,3444165,3893888,4040587,4447100,4779736,107,Pickens County,20326,21481,20699,20949,19746,30736,Gordo Town,0,2112,1918,1677,1750,1-30736,1-107
1,Alabama,3444165,3893888,4040587,4447100,4779736,107,Pickens County,20326,21481,20699,20949,19746,45316,Macedonia CDP,0,0,0,291,292,1-45316,1-107
1,Alabama,3444165,3893888,4040587,4447100,4779736,107,Pickens County,20326,21481,20699,20949,19746,45640,Mcmullen Town,0,164,112,66,10,1-45640,1-107
1,Alabama,3444165,3893888,4040587,4447100,4779736,107,Pickens County,20326,21481,20699,20949,19746,48052,Memphis Town,0,95,54,33,29,1-48052,1-107
1,Alabama,3444165,3893888,4040587,4447100,4779736,107,Pickens County,20326,21481,20699,20949,19746,59592,Pickensville Town,0,132,169,662,608,1-59592,1-107
1,Alabama,3444165,3893888,4040587,4447100,4779736,107,Pickens County,20326,21481,20699,20949,19746,64104,Reform Town,0,2245,2105,1978,1702,1-64104,1-107
1,Alabama,3444165,3893888,4040587,4447100,4779736,109,Pike County,25038,28050,27595,29605,32899,3940,Banks Town,0,160,195,224,179,1-3940,1-109
1,Alabama,3444165,3893888,4040587,4447100,4779736,109,Pike County,25038,28050,27595,29605,32899,10240,Brundidge City,2709,3213,2472,2341,2076,1-10240,1-109
1,Alabama,3444165,3893888,4040587,4447100,4779736,109,Pike County,25038,28050,27595,29605,32899,30880,Goshen Town,0,365,302,300,266,1-30880,1-109
1,Alabama,3444165,3893888,4040587,4447100,4779736,109,Pike County,25038,28050,27595,29605,32899,76920,Troy City,11482,12945,13051,13935,18033,1-76920,1-109
1,Alabama,3444165,3893888,4040587,4447100,4779736,111,Randolph County,18331,20075,19881,22380,22913,31000,Graham CDP,0,0,0,0,211,1-31000,1-111
1,Alabama,3444165,3893888,4040587,4447100,4779736,111,Randolph County,18331,20075,19881,22380,22913,51468,Morrison Crossroads CDP,0,0,0,0,219,1-51468,1-111
1,Alabama,3444165,3893888,4040587,4447100,4779736,111,Randolph County,18331,20075,19881,22380,22913,65040,Roanoke City,5251,5896,6362,6563,6074,1-65040,1-111
1,Alabama,3444165,3893888,4040587,4447100,4779736,111,Randolph County,18331,20075,19881,22380,22913,65592,Rock Mills CDP,0,0,0,676,600,1-65592,1-111
1,Alabama,3444165,3893888,4040587,4447100,4779736,111,Randolph County,18331,20075,19881,22380,22913,79344,Wadley Town,0,532,517,640,751,1-79344,1-111
1,Alabama,3444165,3893888,4040587,4447100,4779736,111,Randolph County,18331,20075,19881,22380,22913,80496,Wedowee Town,0,908,796,818,823,1-80496,1-111
1,Alabama,3444165,3893888,4040587,4447100,4779736,111,Randolph County,18331,20075,19881,22380,22913,83400,Woodland Town,0,192,189,192,184,1-83400,1-111
1,Alabama,3444165,3893888,4040587,4447100,4779736,113,Russell County,45394,47356,46860,49756,52947,37096,Hurtsboro Town,0,752,707,592,553,1-37096,1-113
1,Alabama,3444165,3893888,4040587,4447100,4779736,113,Russell County,45394,47356,46860,49756,52947,40648,Ladonia CDP,0,0,2905,3229,3142,1-40648,1-113
1,Alabama,3444165,3893888,4040587,4447100,4779736,117,Shelby County,38037,66298,99358,143293,195085,820,Alabaster City,2642,7079,14732,22619,30352,1-820,1-117
1,Alabama,3444165,3893888,4040587,4447100,4779736,117,Shelby County,38037,66298,99358,143293,195085,9064,Brantleyville CDP,0,0,0,0,884,1-9064,1-117
1,Alabama,3444165,3893888,4040587,4447100,4779736,117,Shelby County,38037,66298,99358,143293,195085,9500,Brook Highland CDP,0,0,0,0,6746,1-9500,1-117
1,Alabama,3444165,3893888,4040587,4447100,4779736,117,Shelby County,38037,66298,99358,143293,195085,14104,Chelsea City,0,0,1329,2949,10183,1-14104,1-117
1,Alabama,3444165,3893888,4040587,4447100,4779736,117,Shelby County,38037,66298,99358,143293,195085,16768,Columbiana City,0,2655,2968,3316,4197,1-16768,1-117
1,Alabama,3444165,3893888,4040587,4447100,4779736,117,Shelby County,38037,66298,99358,143293,195085,21890,Dunnavant CDP,0,0,0,0,981,1-21890,1-117
1,Alabama,3444165,3893888,4040587,4447100,4779736,117,Shelby County,38037,66298,99358,143293,195085,33256,Harpersville Town,0,934,772,1620,1637,1-33256,1-117
1,Alabama,3444165,3893888,4040587,4447100,4779736,117,Shelby County,38037,66298,99358,143293,195085,34490,Highland Lakes CDP,0,0,0,0,3926,1-34490,1-117
1,Alabama,3444165,3893888,4040587,4447100,4779736,117,Shelby County,38037,66298,99358,143293,195085,37465,Indian Springs Village City,0,0,0,2225,2363,1-37465,1-117
1,Alabama,3444165,3893888,4040587,4447100,4779736,117,Shelby County,38037,66298,99358,143293,195085,47740,Meadowbrook CDP,0,0,4621,4697,8769,1-47740,1-117
1,Alabama,3444165,3893888,4040587,4447100,4779736,117,Shelby County,38037,66298,99358,143293,195085,50312,Montevallo City,3719,3965,4239,4825,6323,1-50312,1-117
1,Alabama,3444165,3893888,4040587,4447100,4779736,117,Shelby County,38037,66298,99358,143293,195085,58848,Pelham City,0,6759,9765,14369,21352,1-58848,1-117
1,Alabama,3444165,3893888,4040587,4447100,4779736,117,Shelby County,38037,66298,99358,143293,195085,69672,Shelby CDP,0,0,0,0,1044,1-69672,1-117
1,Alabama,3444165,3893888,4040587,4447100,4779736,117,Shelby County,38037,66298,99358,143293,195085,69978,Shoal Creek CDP,0,0,0,0,1400,1-69978,1-117
1,Alabama,3444165,3893888,4040587,4447100,4779736,117,Shelby County,38037,66298,99358,143293,195085,73056,Sterrett CDP,0,0,0,0,712,1-73056,1-117
1,Alabama,3444165,3893888,4040587,4447100,4779736,117,Shelby County,38037,66298,99358,143293,195085,78312,Vandiver CDP,0,0,0,0,1135,1-78312,1-117
1,Alabama,3444165,3893888,4040587,4447100,4779736,117,Shelby County,38037,66298,99358,143293,195085,79008,Vincent Town,0,1652,1767,1853,1988,1-79008,1-117
1,Alabama,3444165,3893888,4040587,4447100,4779736,117,Shelby County,38037,66298,99358,143293,195085,81504,Westover Town,0,0,0,0,1275,1-81504,1-117
1,Alabama,3444165,3893888,4040587,4447100,4779736,117,Shelby County,38037,66298,99358,143293,195085,82848,Wilsonville Town,0,914,1185,1551,1827,1-82848,1-117
1,Alabama,3444165,3893888,4040587,4447100,4779736,117,Shelby County,38037,66298,99358,143293,195085,82872,Wilton Town,0,642,602,580,687,1-82872,1-117
1,Alabama,3444165,3893888,4040587,4447100,4779736,115,St. Clair County,27956,41205,50009,64742,83593,2908,Ashville City,0,1489,1494,2260,2212,1-2908,1-115
1,Alabama,3444165,3893888,4040587,4447100,4779736,115,St. Clair County,27956,41205,50009,64742,83593,46696,Margaret Town,0,757,616,1169,4428,1-46696,1-115
1,Alabama,3444165,3893888,4040587,4447100,4779736,115,St. Clair County,27956,41205,50009,64742,83593,51096,Moody City,0,1840,4921,8053,11726,1-51096,1-115
1,Alabama,3444165,3893888,4040587,4447100,4779736,115,St. Clair County,27956,41205,50009,64742,83593,56400,Odenville Town,0,724,796,1131,3585,1-56400,1-115
1,Alabama,3444165,3893888,4040587,4447100,4779736,115,St. Clair County,27956,41205,50009,64742,83593,58896,Pell City City,5381,6616,8118,9565,12695,1-58896,1-115
1,Alabama,3444165,3893888,4040587,4447100,4779736,115,St. Clair County,27956,41205,50009,64742,83593,63216,Ragland Town,0,1860,1807,1918,1639,1-63216,1-115
1,Alabama,3444165,3893888,4040587,4447100,4779736,115,St. Clair County,27956,41205,50009,64742,83593,64920,Riverside Town,0,849,1004,1564,2208,1-64920,1-115
1,Alabama,3444165,3893888,4040587,4447100,4779736,115,St. Clair County,27956,41205,50009,64742,83593,72600,Springville City,0,1476,1910,2521,4080,1-72600,1-115
1,Alabama,3444165,3893888,4040587,4447100,4779736,115,St. Clair County,27956,41205,50009,64742,83593,72888,Steele Town,0,795,1046,1093,1043,1-72888,1-115
1,Alabama,3444165,3893888,4040587,4447100,4779736,119,Sumter County,16974,16908,16174,14798,13763,5188,Bellamy CDP,0,0,0,0,543,1-5188,1-119
1,Alabama,3444165,3893888,4040587,4447100,4779736,119,Sumter County,16974,16908,16174,14798,13763,18952,Cuba Town,0,486,390,363,346,1-18952,1-119
1,Alabama,3444165,3893888,4040587,4447100,4779736,119,Sumter County,16974,16908,16174,14798,13763,23872,Emelle Town,0,0,44,31,53,1-23872,1-119
1,Alabama,3444165,3893888,4040587,4447100,4779736,119,Sumter County,16974,16908,16174,14798,13763,24256,Epes Town,0,399,267,206,192,1-24256,1-119
1,Alabama,3444165,3893888,4040587,4447100,4779736,119,Sumter County,16974,16908,16174,14798,13763,28768,Gainesville Town,0,207,449,220,208,1-28768,1-119
1,Alabama,3444165,3893888,4040587,4447100,4779736,119,Sumter County,16974,16908,16174,14798,13763,29392,Geiger Town,0,200,270,161,170,1-29392,1-119
1,Alabama,3444165,3893888,4040587,4447100,4779736,119,Sumter County,16974,16908,16174,14798,13763,43720,Livingston City,0,3187,3530,3297,3485,1-43720,1-119
1,Alabama,3444165,3893888,4040587,4447100,4779736,119,Sumter County,16974,16908,16174,14798,13763,57912,Panola CDP,0,0,0,0,144,1-57912,1-119
1,Alabama,3444165,3893888,4040587,4447100,4779736,119,Sumter County,16974,16908,16174,14798,13763,84096,York City,3044,3392,3160,2854,2538,1-84096,1-119
1,Alabama,3444165,3893888,4040587,4447100,4779736,121,Talladega County,65280,73826,74107,80321,82291,8248,Bon Air Town,0,118,91,96,116,1-8248,1-121
1,Alabama,3444165,3893888,4040587,4447100,4779736,121,Talladega County,65280,73826,74107,80321,82291,14464,Childersburg City,4831,5084,4579,4927,5175,1-14464,1-121
1,Alabama,3444165,3893888,4040587,4447100,4779736,121,Talladega County,65280,73826,74107,80321,82291,25864,Fayetteville CDP,0,0,0,0,1284,1-25864,1-121
1,Alabama,3444165,3893888,4040587,4447100,4779736,121,Talladega County,65280,73826,74107,80321,82291,43120,Lincoln City,0,2081,2941,4577,6266,1-43120,1-121
1,Alabama,3444165,3893888,4040587,4447100,4779736,121,Talladega County,65280,73826,74107,80321,82291,48616,Mignon CDP,0,2054,1548,1348,1284,1-48616,1-121
1,Alabama,3444165,3893888,4040587,4447100,4779736,121,Talladega County,65280,73826,74107,80321,82291,52848,Munford Town,0,0,0,2446,1292,1-52848,1-121
1,Alabama,3444165,3893888,4040587,4447100,4779736,121,Talladega County,65280,73826,74107,80321,82291,55752,Oak Grove Town,0,638,436,457,528,1-55752,1-121
1,Alabama,3444165,3893888,4040587,4447100,4779736,121,Talladega County,65280,73826,74107,80321,82291,74352,Sylacauga City,12255,12708,12520,12616,12749,1-74352,1-121
1,Alabama,3444165,3893888,4040587,4447100,4779736,121,Talladega County,65280,73826,74107,80321,82291,74592,Talladega City,17662,19128,18175,15143,15676,1-74592,1-121
1,Alabama,3444165,3893888,4040587,4447100,4779736,121,Talladega County,65280,73826,74107,80321,82291,74616,Talladega Springs Town,0,196,148,124,166,1-74616,1-121
1,Alabama,3444165,3893888,4040587,4447100,4779736,121,Talladega County,65280,73826,74107,80321,82291,79488,Waldo Town,0,231,309,281,283,1-79488,1-121
1,Alabama,3444165,3893888,4040587,4447100,4779736,123,Tallapoosa County,33840,38676,38826,41475,41616,1132,Alexander City,12358,13807,14917,15008,14875,1-1132,1-123
1,Alabama,3444165,3893888,4040587,4447100,4779736,123,Tallapoosa County,33840,38676,38826,41475,41616,11680,Camp Hill Town,0,1628,1415,1273,1014,1-11680,1-123
1,Alabama,3444165,3893888,4040587,4447100,4779736,123,Tallapoosa County,33840,38676,38826,41475,41616,19336,Dadeville City,2847,3263,3276,3212,3230,1-19336,1-123
1,Alabama,3444165,3893888,4040587,4447100,4779736,123,Tallapoosa County,33840,38676,38826,41475,41616,19816,Daviston Town,0,334,261,267,214,1-19816,1-123
1,Alabama,3444165,3893888,4040587,4447100,4779736,123,Tallapoosa County,33840,38676,38826,41475,41616,30448,Goldville Town,0,89,61,37,55,1-30448,1-123
1,Alabama,3444165,3893888,4040587,4447100,4779736,123,Tallapoosa County,33840,38676,38826,41475,41616,32584,Hackneyville CDP,0,0,0,0,347,1-32584,1-123
1,Alabama,3444165,3893888,4040587,4447100,4779736,123,Tallapoosa County,33840,38676,38826,41475,41616,38248,Jacksons' Gap Town,0,0,789,761,828,1-38248,1-123
1,Alabama,3444165,3893888,4040587,4447100,4779736,123,Tallapoosa County,33840,38676,38826,41475,41616,54432,New Site Town,0,340,669,848,773,1-54432,1-123
1,Alabama,3444165,3893888,4040587,4447100,4779736,123,Tallapoosa County,33840,38676,38826,41475,41616,57384,Our Town CDP,0,0,0,0,641,1-57384,1-123
1,Alabama,3444165,3893888,4040587,4447100,4779736,123,Tallapoosa County,33840,38676,38826,41475,41616,64040,Reeltown CDP,0,0,0,0,766,1-64040,1-123
1,Alabama,3444165,3893888,4040587,4447100,4779736,125,Tuscaloosa County,116029,137541,150522,164875,194656,9808,Brookwood Town,0,492,658,1483,1828,1-9808,1-125
1,Alabama,3444165,3893888,4040587,4447100,4779736,125,Tuscaloosa County,116029,137541,150522,164875,194656,16000,Coaling Town,0,0,0,1115,1657,1-16000,1-125
1,Alabama,3444165,3893888,4040587,4447100,4779736,125,Tuscaloosa County,116029,137541,150522,164875,194656,16312,Coker Town,0,0,0,808,979,1-16312,1-125
1,Alabama,3444165,3893888,4040587,4447100,4779736,125,Tuscaloosa County,116029,137541,150522,164875,194656,35704,Holt CDP,0,0,4125,4103,3638,1-35704,1-125
1,Alabama,3444165,3893888,4040587,4447100,4779736,125,Tuscaloosa County,116029,137541,150522,164875,194656,40928,Lake View Town,0,0,0,1357,1943,1-40928,1-125
1,Alabama,3444165,3893888,4040587,4447100,4779736,125,Tuscaloosa County,116029,137541,150522,164875,194656,55200,Northport City,9435,14291,17366,19435,23330,1-55200,1-125
1,Alabama,3444165,3893888,4040587,4447100,4779736,125,Tuscaloosa County,116029,137541,150522,164875,194656,77256,Tuscaloosa City,65773,75211,77759,77906,90468,1-77256,1-125
1,Alabama,3444165,3893888,4040587,4447100,4779736,127,Walker County,56246,68660,67670,70713,67023,12016,Carbon Hill City,0,2452,2115,2071,2021,1-12016,1-127
1,Alabama,3444165,3893888,4040587,4447100,4779736,127,Walker County,56246,68660,67670,70713,67023,17368,Cordova City,2750,3123,2623,2423,2095,1-17368,1-127
1,Alabama,3444165,3893888,4040587,4447100,4779736,127,Walker County,56246,68660,67670,70713,67023,21136,Dora City,0,2327,2214,2413,2025,1-21136,1-127
1,Alabama,3444165,3893888,4040587,4447100,4779736,127,Walker County,56246,68660,67670,70713,67023,23344,Eldridge Town,0,230,225,184,130,1-23344,1-127
1,Alabama,3444165,3893888,4040587,4447100,4779736,127,Walker County,56246,68660,67670,70713,67023,38416,Jasper City,10798,11894,13553,14052,14352,1-38416,1-127
1,Alabama,3444165,3893888,4040587,4447100,4779736,127,Walker County,56246,68660,67670,70713,67023,39280,Kansas Town,0,267,230,260,226,1-39280,1-127
1,Alabama,3444165,3893888,4040587,4447100,4779736,127,Walker County,56246,68660,67670,70713,67023,53400,Nauvoo Town,0,259,240,284,221,1-53400,1-127
1,Alabama,3444165,3893888,4040587,4447100,4779736,127,Walker County,56246,68660,67670,70713,67023,55992,Oakman Town,0,770,846,944,789,1-55992,1-127
1,Alabama,3444165,3893888,4040587,4447100,4779736,127,Walker County,56246,68660,67670,70713,67023,58272,Parrish Town,0,1583,1433,1268,982,1-58272,1-127
1,Alabama,3444165,3893888,4040587,4447100,4779736,127,Walker County,56246,68660,67670,70713,67023,70704,Sipsey Town,0,678,568,552,437,1-70704,1-127
1,Alabama,3444165,3893888,4040587,4447100,4779736,129,Washington County,16241,16821,16694,18097,17581,14008,Chatom Town,0,1122,1094,1193,1288,1-14008,1-129
1,Alabama,3444165,3893888,4040587,4447100,4779736,129,Washington County,16241,16821,16694,18097,17581,20152,Deer Park CDP,0,0,0,0,188,1-20152,1-129
1,Alabama,3444165,3893888,4040587,4447100,4779736,129,Washington County,16241,16821,16694,18097,17581,25216,Fairford CDP,0,0,0,0,186,1-25216,1-129
1,Alabama,3444165,3893888,4040587,4447100,4779736,129,Washington County,16241,16821,16694,18097,17581,28408,Fruitdale CDP,0,0,0,0,185,1-28408,1-129
1,Alabama,3444165,3893888,4040587,4447100,4779736,129,Washington County,16241,16821,16694,18097,17581,35130,Hobson CDP,0,1268,0,0,126,1-35130,1-129
1,Alabama,3444165,3893888,4040587,4447100,4779736,129,Washington County,16241,16821,16694,18097,17581,42304,Leroy CDP,0,0,0,0,911,1-42304,1-129
1,Alabama,3444165,3893888,4040587,4447100,4779736,129,Washington County,16241,16821,16694,18097,17581,46192,Malcolm CDP,0,0,0,0,187,1-46192,1-129
1,Alabama,3444165,3893888,4040587,4447100,4779736,129,Washington County,16241,16821,16694,18097,17581,45472,Mcintosh Town,0,319,250,244,238,1-45472,1-129
1,Alabama,3444165,3893888,4040587,4447100,4779736,129,Washington County,16241,16821,16694,18097,17581,48832,Millry Town,0,956,781,615,546,1-48832,1-129
1,Alabama,3444165,3893888,4040587,4447100,4779736,129,Washington County,16241,16821,16694,18097,17581,70632,Sims Chapel CDP,0,0,0,0,153,1-70632,1-129
1,Alabama,3444165,3893888,4040587,4447100,4779736,129,Washington County,16241,16821,16694,18097,17581,67584,St. Stephens CDP,0,0,0,0,495,1-67584,1-129
1,Alabama,3444165,3893888,4040587,4447100,4779736,129,Washington County,16241,16821,16694,18097,17581,76200,Tibbie CDP,0,0,0,0,41,1-76200,1-129
1,Alabama,3444165,3893888,4040587,4447100,4779736,129,Washington County,16241,16821,16694,18097,17581,79032,Vinegar Bend CDP,0,0,0,0,192,1-79032,1-129
1,Alabama,3444165,3893888,4040587,4447100,4779736,131,Wilcox County,16303,14755,13568,13183,11670,8680,Boykin CDP,0,0,0,0,275,1-8680,1-131
1,Alabama,3444165,3893888,4040587,4447100,4779736,131,Wilcox County,16303,14755,13568,13183,11670,11512,Camden City,0,2406,2414,2257,2020,1-11512,1-131
1,Alabama,3444165,3893888,4040587,4447100,4779736,131,Wilcox County,16303,14755,13568,13183,11670,12544,Catherine CDP,0,0,0,0,22,1-12544,1-131
1,Alabama,3444165,3893888,4040587,4447100,4779736,131,Wilcox County,16303,14755,13568,13183,11670,55848,Oak Hill Town,0,63,28,37,26,1-55848,1-131
1,Alabama,3444165,3893888,4040587,4447100,4779736,131,Wilcox County,16303,14755,13568,13183,11670,59880,Pine Apple Town,0,298,365,145,132,1-59880,1-131
1,Alabama,3444165,3893888,4040587,4447100,4779736,131,Wilcox County,16303,14755,13568,13183,11670,60240,Pine Hill Town,0,510,481,966,975,1-60240,1-131
1,Alabama,3444165,3893888,4040587,4447100,4779736,131,Wilcox County,16303,14755,13568,13183,11670,83976,Yellow Bluff Town,0,0,245,181,188,1-83976,1-131
1,Alabama,3444165,3893888,4040587,4447100,4779736,133,Winston County,16654,21953,22053,24843,24484,484,Addison Town,0,746,626,723,758,1-484,1-133
1,Alabama,3444165,3893888,4040587,4447100,4779736,133,Winston County,16654,21953,22053,24843,24484,2500,Arley Town,0,276,338,290,357,1-2500,1-133
1,Alabama,3444165,3893888,4040587,4447100,4779736,133,Winston County,16654,21953,22053,24843,24484,21280,Double Springs Town,0,1057,1138,1003,1083,1-21280,1-133
1,Alabama,3444165,3893888,4040587,4447100,4779736,133,Winston County,16654,21953,22053,24843,24484,44800,Lynn Town,0,554,611,597,659,1-44800,1-133
1,Alabama,3444165,3893888,4040587,4447100,4779736,133,Winston County,16654,21953,22053,24843,24484,53376,Natural Bridge Town,0,0,0,28,37,1-53376,1-133
